name_train,name_test,maximum_accuracy_train,maximum_accuracy_test,random_samples,sample_size,n_alternatives,model,lambda,function,beta_a,beta_b
train_1.csv,test_1.csv,66.84,66.79,30,10000,3,logit,0.28867513459481287,linear,1,1
train_2.csv,test_2.csv,67.47,67.48,30,10000,3,logit,0.28867513459481287,linear,1,1
train_3.csv,test_3.csv,67.57,67.54,30,10000,3,logit,0.28867513459481287,linear,1,1
train_4.csv,test_4.csv,67.26,67.45,30,10000,3,logit,0.28867513459481287,linear,1,1
train_5.csv,test_5.csv,66.9,67.71,30,10000,3,logit,0.28867513459481287,linear,1,1
train_6.csv,test_6.csv,68.15,67.66,30,10000,3,logit,0.28867513459481287,linear,1,1
train_7.csv,test_7.csv,67.8,66.78,30,10000,3,logit,0.28867513459481287,linear,1,1
train_8.csv,test_8.csv,67.46,67.82,30,10000,3,logit,0.28867513459481287,linear,1,1
train_9.csv,test_9.csv,66.73,66.9,30,10000,3,logit,0.28867513459481287,linear,1,1
train_10.csv,test_10.csv,67.33,67.63,30,10000,3,logit,0.28867513459481287,linear,1,1
train_11.csv,test_11.csv,67.47,67.14,30,10000,3,logit,0.28867513459481287,linear,1,1
train_12.csv,test_12.csv,67.14,67.43,30,10000,3,logit,0.28867513459481287,linear,1,1
train_13.csv,test_13.csv,68.1,67.52,30,10000,3,logit,0.28867513459481287,linear,1,1
train_14.csv,test_14.csv,67.2,67.69,30,10000,3,logit,0.28867513459481287,linear,1,1
train_15.csv,test_15.csv,67.46,67.65,30,10000,3,logit,0.28867513459481287,linear,1,1
train_16.csv,test_16.csv,68.09,67.2,30,10000,3,logit,0.28867513459481287,linear,1,1
train_17.csv,test_17.csv,66.88,67.55,30,10000,3,logit,0.28867513459481287,linear,1,1
train_18.csv,test_18.csv,67.26,67.3,30,10000,3,logit,0.28867513459481287,linear,1,1
train_19.csv,test_19.csv,67.76,66.89,30,10000,3,logit,0.28867513459481287,linear,1,1
train_20.csv,test_20.csv,66.98,67.46,30,10000,3,logit,0.28867513459481287,linear,1,1
train_21.csv,test_21.csv,67.63,67.39,30,10000,3,logit,0.28867513459481287,linear,1,1
train_22.csv,test_22.csv,66.89,67.85,30,10000,3,logit,0.28867513459481287,linear,1,1
train_23.csv,test_23.csv,67.47,68.2,30,10000,3,logit,0.28867513459481287,linear,1,1
train_24.csv,test_24.csv,67.66,66.83,30,10000,3,logit,0.28867513459481287,linear,1,1
train_25.csv,test_25.csv,67.06,67.74,30,10000,3,logit,0.28867513459481287,linear,1,1
train_26.csv,test_26.csv,67.53,67.73,30,10000,3,logit,0.28867513459481287,linear,1,1
train_27.csv,test_27.csv,67.47,67.59,30,10000,3,logit,0.28867513459481287,linear,1,1
train_28.csv,test_28.csv,67.48,67.51,30,10000,3,logit,0.28867513459481287,linear,1,1
train_29.csv,test_29.csv,67.77,67.25,30,10000,3,logit,0.28867513459481287,linear,1,1
train_30.csv,test_30.csv,67.74,67.49,30,10000,3,logit,0.28867513459481287,linear,1,1
train_31.csv,test_31.csv,76.97,77.47,30,10000,3,logit,0.28867513459481287,linear,1,2
train_32.csv,test_32.csv,76.94,76.79,30,10000,3,logit,0.28867513459481287,linear,1,2
train_33.csv,test_33.csv,77.4,77.57,30,10000,3,logit,0.28867513459481287,linear,1,2
train_34.csv,test_34.csv,76.96,76.31,30,10000,3,logit,0.28867513459481287,linear,1,2
train_35.csv,test_35.csv,77.1,76.89,30,10000,3,logit,0.28867513459481287,linear,1,2
train_36.csv,test_36.csv,77.28,77.23,30,10000,3,logit,0.28867513459481287,linear,1,2
train_37.csv,test_37.csv,76.55,77.44,30,10000,3,logit,0.28867513459481287,linear,1,2
train_38.csv,test_38.csv,77.05,77.43,30,10000,3,logit,0.28867513459481287,linear,1,2
train_39.csv,test_39.csv,77.61,77.64,30,10000,3,logit,0.28867513459481287,linear,1,2
train_40.csv,test_40.csv,75.86,76.81,30,10000,3,logit,0.28867513459481287,linear,1,2
train_41.csv,test_41.csv,77.36,76.9,30,10000,3,logit,0.28867513459481287,linear,1,2
train_42.csv,test_42.csv,76.98,76.79,30,10000,3,logit,0.28867513459481287,linear,1,2
train_43.csv,test_43.csv,77.11,77.53,30,10000,3,logit,0.28867513459481287,linear,1,2
train_44.csv,test_44.csv,77.48,77.07,30,10000,3,logit,0.28867513459481287,linear,1,2
train_45.csv,test_45.csv,76.91,77.56,30,10000,3,logit,0.28867513459481287,linear,1,2
train_46.csv,test_46.csv,76.82,77.2,30,10000,3,logit,0.28867513459481287,linear,1,2
train_47.csv,test_47.csv,76.71,76.04,30,10000,3,logit,0.28867513459481287,linear,1,2
train_48.csv,test_48.csv,77.32,76.68,30,10000,3,logit,0.28867513459481287,linear,1,2
train_49.csv,test_49.csv,76.74,76.72,30,10000,3,logit,0.28867513459481287,linear,1,2
train_50.csv,test_50.csv,77.04,77.52,30,10000,3,logit,0.28867513459481287,linear,1,2
train_51.csv,test_51.csv,76.57,77.3,30,10000,3,logit,0.28867513459481287,linear,1,2
train_52.csv,test_52.csv,77.29,77.45,30,10000,3,logit,0.28867513459481287,linear,1,2
train_53.csv,test_53.csv,77.24,77.32,30,10000,3,logit,0.28867513459481287,linear,1,2
train_54.csv,test_54.csv,76.39,77.48,30,10000,3,logit,0.28867513459481287,linear,1,2
train_55.csv,test_55.csv,77.34,77.61,30,10000,3,logit,0.28867513459481287,linear,1,2
train_56.csv,test_56.csv,77.61,77.31,30,10000,3,logit,0.28867513459481287,linear,1,2
train_57.csv,test_57.csv,77.47,77.02,30,10000,3,logit,0.28867513459481287,linear,1,2
train_58.csv,test_58.csv,78.33,76.38,30,10000,3,logit,0.28867513459481287,linear,1,2
train_59.csv,test_59.csv,76.98,76.19,30,10000,3,logit,0.28867513459481287,linear,1,2
train_60.csv,test_60.csv,77.42,76.8,30,10000,3,logit,0.28867513459481287,linear,1,2
train_61.csv,test_61.csv,63.33,62.07,30,10000,3,logit,0.28867513459481287,linear,1,0.5
train_62.csv,test_62.csv,63.01,62.15,30,10000,3,logit,0.28867513459481287,linear,1,0.5
train_63.csv,test_63.csv,62.75,63.37,30,10000,3,logit,0.28867513459481287,linear,1,0.5
train_64.csv,test_64.csv,63.19,62.35,30,10000,3,logit,0.28867513459481287,linear,1,0.5
train_65.csv,test_65.csv,62.73,62.61,30,10000,3,logit,0.28867513459481287,linear,1,0.5
train_66.csv,test_66.csv,62.49,62.1,30,10000,3,logit,0.28867513459481287,linear,1,0.5
train_67.csv,test_67.csv,62.85,62.93,30,10000,3,logit,0.28867513459481287,linear,1,0.5
train_68.csv,test_68.csv,63.42,62.57,30,10000,3,logit,0.28867513459481287,linear,1,0.5
train_69.csv,test_69.csv,61.98,62.79,30,10000,3,logit,0.28867513459481287,linear,1,0.5
train_70.csv,test_70.csv,61.62,62.28,30,10000,3,logit,0.28867513459481287,linear,1,0.5
train_71.csv,test_71.csv,62.41,62.9,30,10000,3,logit,0.28867513459481287,linear,1,0.5
train_72.csv,test_72.csv,62.41,62.54,30,10000,3,logit,0.28867513459481287,linear,1,0.5
train_73.csv,test_73.csv,62.47,62.03,30,10000,3,logit,0.28867513459481287,linear,1,0.5
train_74.csv,test_74.csv,62.72,62.83,30,10000,3,logit,0.28867513459481287,linear,1,0.5
train_75.csv,test_75.csv,63.68,62.97,30,10000,3,logit,0.28867513459481287,linear,1,0.5
train_76.csv,test_76.csv,62.92,62.86,30,10000,3,logit,0.28867513459481287,linear,1,0.5
train_77.csv,test_77.csv,62.52,63.05,30,10000,3,logit,0.28867513459481287,linear,1,0.5
train_78.csv,test_78.csv,62.75,62.71,30,10000,3,logit,0.28867513459481287,linear,1,0.5
train_79.csv,test_79.csv,62.48,62.75,30,10000,3,logit,0.28867513459481287,linear,1,0.5
train_80.csv,test_80.csv,62.7,61.96,30,10000,3,logit,0.28867513459481287,linear,1,0.5
train_81.csv,test_81.csv,63.13,62.85,30,10000,3,logit,0.28867513459481287,linear,1,0.5
train_82.csv,test_82.csv,62.7,62.61,30,10000,3,logit,0.28867513459481287,linear,1,0.5
train_83.csv,test_83.csv,62.13,62.02,30,10000,3,logit,0.28867513459481287,linear,1,0.5
train_84.csv,test_84.csv,62.78,62.35,30,10000,3,logit,0.28867513459481287,linear,1,0.5
train_85.csv,test_85.csv,62.73,63.05,30,10000,3,logit,0.28867513459481287,linear,1,0.5
train_86.csv,test_86.csv,62.5,62.44,30,10000,3,logit,0.28867513459481287,linear,1,0.5
train_87.csv,test_87.csv,63.74,62.94,30,10000,3,logit,0.28867513459481287,linear,1,0.5
train_88.csv,test_88.csv,63.05,61.36,30,10000,3,logit,0.28867513459481287,linear,1,0.5
train_89.csv,test_89.csv,62.55,62.06,30,10000,3,logit,0.28867513459481287,linear,1,0.5
train_90.csv,test_90.csv,63.65,62.76,30,10000,3,logit,0.28867513459481287,linear,1,0.5
train_91.csv,test_91.csv,56.29,55.7,30,10000,3,logit,0.28867513459481287,CD,1,1
train_92.csv,test_92.csv,56.27,55.91,30,10000,3,logit,0.28867513459481287,CD,1,1
train_93.csv,test_93.csv,54.03,55.99,30,10000,3,logit,0.28867513459481287,CD,1,1
train_94.csv,test_94.csv,55.87,56.66,30,10000,3,logit,0.28867513459481287,CD,1,1
train_95.csv,test_95.csv,56.07,54.93,30,10000,3,logit,0.28867513459481287,CD,1,1
train_96.csv,test_96.csv,55.91,55.38,30,10000,3,logit,0.28867513459481287,CD,1,1
train_97.csv,test_97.csv,56.91,56.22,30,10000,3,logit,0.28867513459481287,CD,1,1
train_98.csv,test_98.csv,55.74,56.27,30,10000,3,logit,0.28867513459481287,CD,1,1
train_99.csv,test_99.csv,56.31,55.7,30,10000,3,logit,0.28867513459481287,CD,1,1
train_100.csv,test_100.csv,56.27,56.44,30,10000,3,logit,0.28867513459481287,CD,1,1
train_101.csv,test_101.csv,54.86,56.4,30,10000,3,logit,0.28867513459481287,CD,1,1
train_102.csv,test_102.csv,55.34,56.13,30,10000,3,logit,0.28867513459481287,CD,1,1
train_103.csv,test_103.csv,55.73,55.13,30,10000,3,logit,0.28867513459481287,CD,1,1
train_104.csv,test_104.csv,55.69,56.37,30,10000,3,logit,0.28867513459481287,CD,1,1
train_105.csv,test_105.csv,56.02,55.58,30,10000,3,logit,0.28867513459481287,CD,1,1
train_106.csv,test_106.csv,55.34,55.62,30,10000,3,logit,0.28867513459481287,CD,1,1
train_107.csv,test_107.csv,56.33,56.49,30,10000,3,logit,0.28867513459481287,CD,1,1
train_108.csv,test_108.csv,56.03,55.59,30,10000,3,logit,0.28867513459481287,CD,1,1
train_109.csv,test_109.csv,55.68,55.33,30,10000,3,logit,0.28867513459481287,CD,1,1
train_110.csv,test_110.csv,56.18,55.3,30,10000,3,logit,0.28867513459481287,CD,1,1
train_111.csv,test_111.csv,55.98,56.75,30,10000,3,logit,0.28867513459481287,CD,1,1
train_112.csv,test_112.csv,56.44,55.53,30,10000,3,logit,0.28867513459481287,CD,1,1
train_113.csv,test_113.csv,56.13,55.59,30,10000,3,logit,0.28867513459481287,CD,1,1
train_114.csv,test_114.csv,55.65,56.1,30,10000,3,logit,0.28867513459481287,CD,1,1
train_115.csv,test_115.csv,56.01,55.67,30,10000,3,logit,0.28867513459481287,CD,1,1
train_116.csv,test_116.csv,56.85,55.76,30,10000,3,logit,0.28867513459481287,CD,1,1
train_117.csv,test_117.csv,55.48,56.22,30,10000,3,logit,0.28867513459481287,CD,1,1
train_118.csv,test_118.csv,56.41,56.57,30,10000,3,logit,0.28867513459481287,CD,1,1
train_119.csv,test_119.csv,56.12,55.25,30,10000,3,logit,0.28867513459481287,CD,1,1
train_120.csv,test_120.csv,55.63,56.27,30,10000,3,logit,0.28867513459481287,CD,1,1
train_121.csv,test_121.csv,53.32,52.93,30,10000,3,logit,0.28867513459481287,CD,1,2
train_122.csv,test_122.csv,53.26,53.08,30,10000,3,logit,0.28867513459481287,CD,1,2
train_123.csv,test_123.csv,53.27,53.02,30,10000,3,logit,0.28867513459481287,CD,1,2
train_124.csv,test_124.csv,53.16,52.58,30,10000,3,logit,0.28867513459481287,CD,1,2
train_125.csv,test_125.csv,53.34,53.32,30,10000,3,logit,0.28867513459481287,CD,1,2
train_126.csv,test_126.csv,52.55,53.07,30,10000,3,logit,0.28867513459481287,CD,1,2
train_127.csv,test_127.csv,52.57,53.32,30,10000,3,logit,0.28867513459481287,CD,1,2
train_128.csv,test_128.csv,52.96,52.96,30,10000,3,logit,0.28867513459481287,CD,1,2
train_129.csv,test_129.csv,53.19,52.12,30,10000,3,logit,0.28867513459481287,CD,1,2
train_130.csv,test_130.csv,51.86,54.21,30,10000,3,logit,0.28867513459481287,CD,1,2
train_131.csv,test_131.csv,51.59,52.97,30,10000,3,logit,0.28867513459481287,CD,1,2
train_132.csv,test_132.csv,53.59,53.08,30,10000,3,logit,0.28867513459481287,CD,1,2
train_133.csv,test_133.csv,52.4,53.06,30,10000,3,logit,0.28867513459481287,CD,1,2
train_134.csv,test_134.csv,52.41,52.66,30,10000,3,logit,0.28867513459481287,CD,1,2
train_135.csv,test_135.csv,53.24,53.06,30,10000,3,logit,0.28867513459481287,CD,1,2
train_136.csv,test_136.csv,53.95,53.66,30,10000,3,logit,0.28867513459481287,CD,1,2
train_137.csv,test_137.csv,52.84,53.13,30,10000,3,logit,0.28867513459481287,CD,1,2
train_138.csv,test_138.csv,52.65,53.19,30,10000,3,logit,0.28867513459481287,CD,1,2
train_139.csv,test_139.csv,52.46,53.43,30,10000,3,logit,0.28867513459481287,CD,1,2
train_140.csv,test_140.csv,53.1,52.9,30,10000,3,logit,0.28867513459481287,CD,1,2
train_141.csv,test_141.csv,52.72,53.66,30,10000,3,logit,0.28867513459481287,CD,1,2
train_142.csv,test_142.csv,54.05,52.32,30,10000,3,logit,0.28867513459481287,CD,1,2
train_143.csv,test_143.csv,53.49,52.9,30,10000,3,logit,0.28867513459481287,CD,1,2
train_144.csv,test_144.csv,53.51,53.29,30,10000,3,logit,0.28867513459481287,CD,1,2
train_145.csv,test_145.csv,53.6,53.23,30,10000,3,logit,0.28867513459481287,CD,1,2
train_146.csv,test_146.csv,53.4,52.69,30,10000,3,logit,0.28867513459481287,CD,1,2
train_147.csv,test_147.csv,53.19,52.72,30,10000,3,logit,0.28867513459481287,CD,1,2
train_148.csv,test_148.csv,53.73,52.87,30,10000,3,logit,0.28867513459481287,CD,1,2
train_149.csv,test_149.csv,52.18,52.91,30,10000,3,logit,0.28867513459481287,CD,1,2
train_150.csv,test_150.csv,53.76,53.47,30,10000,3,logit,0.28867513459481287,CD,1,2
train_151.csv,test_151.csv,57.01,57.48,30,10000,3,logit,0.28867513459481287,CD,1,0.5
train_152.csv,test_152.csv,56.95,57.1,30,10000,3,logit,0.28867513459481287,CD,1,0.5
train_153.csv,test_153.csv,56.55,56.94,30,10000,3,logit,0.28867513459481287,CD,1,0.5
train_154.csv,test_154.csv,57.36,57.03,30,10000,3,logit,0.28867513459481287,CD,1,0.5
train_155.csv,test_155.csv,57.14,56.39,30,10000,3,logit,0.28867513459481287,CD,1,0.5
train_156.csv,test_156.csv,57.39,57.31,30,10000,3,logit,0.28867513459481287,CD,1,0.5
train_157.csv,test_157.csv,57.16,58.42,30,10000,3,logit,0.28867513459481287,CD,1,0.5
train_158.csv,test_158.csv,57.65,56.56,30,10000,3,logit,0.28867513459481287,CD,1,0.5
train_159.csv,test_159.csv,57.53,57.41,30,10000,3,logit,0.28867513459481287,CD,1,0.5
train_160.csv,test_160.csv,57.37,57.18,30,10000,3,logit,0.28867513459481287,CD,1,0.5
train_161.csv,test_161.csv,57.96,57.21,30,10000,3,logit,0.28867513459481287,CD,1,0.5
train_162.csv,test_162.csv,57.03,56.87,30,10000,3,logit,0.28867513459481287,CD,1,0.5
train_163.csv,test_163.csv,57.75,57.4,30,10000,3,logit,0.28867513459481287,CD,1,0.5
train_164.csv,test_164.csv,56.88,57.12,30,10000,3,logit,0.28867513459481287,CD,1,0.5
train_165.csv,test_165.csv,57.6,56.02,30,10000,3,logit,0.28867513459481287,CD,1,0.5
train_166.csv,test_166.csv,57.55,57.32,30,10000,3,logit,0.28867513459481287,CD,1,0.5
train_167.csv,test_167.csv,57.84,57.0,30,10000,3,logit,0.28867513459481287,CD,1,0.5
train_168.csv,test_168.csv,57.56,56.13,30,10000,3,logit,0.28867513459481287,CD,1,0.5
train_169.csv,test_169.csv,56.7,56.83,30,10000,3,logit,0.28867513459481287,CD,1,0.5
train_170.csv,test_170.csv,57.24,57.32,30,10000,3,logit,0.28867513459481287,CD,1,0.5
train_171.csv,test_171.csv,57.21,56.98,30,10000,3,logit,0.28867513459481287,CD,1,0.5
train_172.csv,test_172.csv,57.51,56.72,30,10000,3,logit,0.28867513459481287,CD,1,0.5
train_173.csv,test_173.csv,56.71,56.85,30,10000,3,logit,0.28867513459481287,CD,1,0.5
train_174.csv,test_174.csv,57.19,57.09,30,10000,3,logit,0.28867513459481287,CD,1,0.5
train_175.csv,test_175.csv,56.49,57.62,30,10000,3,logit,0.28867513459481287,CD,1,0.5
train_176.csv,test_176.csv,56.95,57.54,30,10000,3,logit,0.28867513459481287,CD,1,0.5
train_177.csv,test_177.csv,56.5,56.88,30,10000,3,logit,0.28867513459481287,CD,1,0.5
train_178.csv,test_178.csv,57.77,57.21,30,10000,3,logit,0.28867513459481287,CD,1,0.5
train_179.csv,test_179.csv,56.91,56.67,30,10000,3,logit,0.28867513459481287,CD,1,0.5
train_180.csv,test_180.csv,57.32,56.78,30,10000,3,logit,0.28867513459481287,CD,1,0.5
train_181.csv,test_181.csv,72.12,72.28,30,10000,3,probit,0.28867513459481287,linear,1,1
train_182.csv,test_182.csv,72.85,71.89,30,10000,3,probit,0.28867513459481287,linear,1,1
train_183.csv,test_183.csv,72.04,72.45,30,10000,3,probit,0.28867513459481287,linear,1,1
train_184.csv,test_184.csv,72.67,72.05,30,10000,3,probit,0.28867513459481287,linear,1,1
train_185.csv,test_185.csv,72.44,71.52,30,10000,3,probit,0.28867513459481287,linear,1,1
train_186.csv,test_186.csv,71.83,72.64,30,10000,3,probit,0.28867513459481287,linear,1,1
train_187.csv,test_187.csv,72.44,72.26,30,10000,3,probit,0.28867513459481287,linear,1,1
train_188.csv,test_188.csv,72.07,71.89,30,10000,3,probit,0.28867513459481287,linear,1,1
train_189.csv,test_189.csv,71.94,72.24,30,10000,3,probit,0.28867513459481287,linear,1,1
train_190.csv,test_190.csv,71.89,71.97,30,10000,3,probit,0.28867513459481287,linear,1,1
train_191.csv,test_191.csv,72.32,72.52,30,10000,3,probit,0.28867513459481287,linear,1,1
train_192.csv,test_192.csv,73.02,71.89,30,10000,3,probit,0.28867513459481287,linear,1,1
train_193.csv,test_193.csv,73.04,72.75,30,10000,3,probit,0.28867513459481287,linear,1,1
train_194.csv,test_194.csv,72.27,71.74,30,10000,3,probit,0.28867513459481287,linear,1,1
train_195.csv,test_195.csv,72.71,72.52,30,10000,3,probit,0.28867513459481287,linear,1,1
train_196.csv,test_196.csv,71.53,71.49,30,10000,3,probit,0.28867513459481287,linear,1,1
train_197.csv,test_197.csv,71.98,72.57,30,10000,3,probit,0.28867513459481287,linear,1,1
train_198.csv,test_198.csv,72.44,72.37,30,10000,3,probit,0.28867513459481287,linear,1,1
train_199.csv,test_199.csv,72.84,72.06,30,10000,3,probit,0.28867513459481287,linear,1,1
train_200.csv,test_200.csv,71.98,72.5,30,10000,3,probit,0.28867513459481287,linear,1,1
train_201.csv,test_201.csv,72.87,72.75,30,10000,3,probit,0.28867513459481287,linear,1,1
train_202.csv,test_202.csv,72.36,71.59,30,10000,3,probit,0.28867513459481287,linear,1,1
train_203.csv,test_203.csv,73.39,71.86,30,10000,3,probit,0.28867513459481287,linear,1,1
train_204.csv,test_204.csv,72.64,72.2,30,10000,3,probit,0.28867513459481287,linear,1,1
train_205.csv,test_205.csv,72.65,73.31,30,10000,3,probit,0.28867513459481287,linear,1,1
train_206.csv,test_206.csv,72.55,72.32,30,10000,3,probit,0.28867513459481287,linear,1,1
train_207.csv,test_207.csv,72.86,71.61,30,10000,3,probit,0.28867513459481287,linear,1,1
train_208.csv,test_208.csv,71.73,71.94,30,10000,3,probit,0.28867513459481287,linear,1,1
train_209.csv,test_209.csv,72.06,72.88,30,10000,3,probit,0.28867513459481287,linear,1,1
train_210.csv,test_210.csv,71.78,72.6,30,10000,3,probit,0.28867513459481287,linear,1,1
train_211.csv,test_211.csv,81.28,81.24,30,10000,3,probit,0.28867513459481287,linear,1,2
train_212.csv,test_212.csv,81.12,81.15,30,10000,3,probit,0.28867513459481287,linear,1,2
train_213.csv,test_213.csv,80.86,81.15,30,10000,3,probit,0.28867513459481287,linear,1,2
train_214.csv,test_214.csv,81.37,81.31,30,10000,3,probit,0.28867513459481287,linear,1,2
train_215.csv,test_215.csv,80.82,80.76,30,10000,3,probit,0.28867513459481287,linear,1,2
train_216.csv,test_216.csv,80.53,81.14,30,10000,3,probit,0.28867513459481287,linear,1,2
train_217.csv,test_217.csv,80.99,81.31,30,10000,3,probit,0.28867513459481287,linear,1,2
train_218.csv,test_218.csv,81.3,80.52,30,10000,3,probit,0.28867513459481287,linear,1,2
train_219.csv,test_219.csv,80.84,80.99,30,10000,3,probit,0.28867513459481287,linear,1,2
train_220.csv,test_220.csv,81.02,80.92,30,10000,3,probit,0.28867513459481287,linear,1,2
train_221.csv,test_221.csv,81.22,80.85,30,10000,3,probit,0.28867513459481287,linear,1,2
train_222.csv,test_222.csv,81.13,80.97,30,10000,3,probit,0.28867513459481287,linear,1,2
train_223.csv,test_223.csv,81.72,81.25,30,10000,3,probit,0.28867513459481287,linear,1,2
train_224.csv,test_224.csv,80.87,80.91,30,10000,3,probit,0.28867513459481287,linear,1,2
train_225.csv,test_225.csv,80.5,81.39,30,10000,3,probit,0.28867513459481287,linear,1,2
train_226.csv,test_226.csv,81.09,81.63,30,10000,3,probit,0.28867513459481287,linear,1,2
train_227.csv,test_227.csv,80.97,81.64,30,10000,3,probit,0.28867513459481287,linear,1,2
train_228.csv,test_228.csv,81.48,80.67,30,10000,3,probit,0.28867513459481287,linear,1,2
train_229.csv,test_229.csv,80.82,81.53,30,10000,3,probit,0.28867513459481287,linear,1,2
train_230.csv,test_230.csv,81.07,81.28,30,10000,3,probit,0.28867513459481287,linear,1,2
train_231.csv,test_231.csv,80.68,80.84,30,10000,3,probit,0.28867513459481287,linear,1,2
train_232.csv,test_232.csv,81.63,81.07,30,10000,3,probit,0.28867513459481287,linear,1,2
train_233.csv,test_233.csv,80.97,81.02,30,10000,3,probit,0.28867513459481287,linear,1,2
train_234.csv,test_234.csv,80.47,80.44,30,10000,3,probit,0.28867513459481287,linear,1,2
train_235.csv,test_235.csv,80.95,81.76,30,10000,3,probit,0.28867513459481287,linear,1,2
train_236.csv,test_236.csv,81.18,81.28,30,10000,3,probit,0.28867513459481287,linear,1,2
train_237.csv,test_237.csv,81.87,81.11,30,10000,3,probit,0.28867513459481287,linear,1,2
train_238.csv,test_238.csv,81.34,81.4,30,10000,3,probit,0.28867513459481287,linear,1,2
train_239.csv,test_239.csv,80.72,81.09,30,10000,3,probit,0.28867513459481287,linear,1,2
train_240.csv,test_240.csv,81.08,81.47,30,10000,3,probit,0.28867513459481287,linear,1,2
train_241.csv,test_241.csv,67.42,67.7,30,10000,3,probit,0.28867513459481287,linear,1,0.5
train_242.csv,test_242.csv,67.04,67.84,30,10000,3,probit,0.28867513459481287,linear,1,0.5
train_243.csv,test_243.csv,67.58,67.43,30,10000,3,probit,0.28867513459481287,linear,1,0.5
train_244.csv,test_244.csv,68.32,68.06,30,10000,3,probit,0.28867513459481287,linear,1,0.5
train_245.csv,test_245.csv,67.1,68.13,30,10000,3,probit,0.28867513459481287,linear,1,0.5
train_246.csv,test_246.csv,68.14,68.46,30,10000,3,probit,0.28867513459481287,linear,1,0.5
train_247.csv,test_247.csv,67.72,67.98,30,10000,3,probit,0.28867513459481287,linear,1,0.5
train_248.csv,test_248.csv,69.17,67.18,30,10000,3,probit,0.28867513459481287,linear,1,0.5
train_249.csv,test_249.csv,67.75,67.61,30,10000,3,probit,0.28867513459481287,linear,1,0.5
train_250.csv,test_250.csv,68.06,67.93,30,10000,3,probit,0.28867513459481287,linear,1,0.5
train_251.csv,test_251.csv,66.82,67.37,30,10000,3,probit,0.28867513459481287,linear,1,0.5
train_252.csv,test_252.csv,68.09,67.67,30,10000,3,probit,0.28867513459481287,linear,1,0.5
train_253.csv,test_253.csv,68.01,67.39,30,10000,3,probit,0.28867513459481287,linear,1,0.5
train_254.csv,test_254.csv,67.3,67.57,30,10000,3,probit,0.28867513459481287,linear,1,0.5
train_255.csv,test_255.csv,67.55,67.18,30,10000,3,probit,0.28867513459481287,linear,1,0.5
train_256.csv,test_256.csv,67.03,67.74,30,10000,3,probit,0.28867513459481287,linear,1,0.5
train_257.csv,test_257.csv,67.39,68.23,30,10000,3,probit,0.28867513459481287,linear,1,0.5
train_258.csv,test_258.csv,67.46,68.03,30,10000,3,probit,0.28867513459481287,linear,1,0.5
train_259.csv,test_259.csv,67.99,68.13,30,10000,3,probit,0.28867513459481287,linear,1,0.5
train_260.csv,test_260.csv,66.83,68.08,30,10000,3,probit,0.28867513459481287,linear,1,0.5
train_261.csv,test_261.csv,68.06,67.91,30,10000,3,probit,0.28867513459481287,linear,1,0.5
train_262.csv,test_262.csv,67.31,68.8,30,10000,3,probit,0.28867513459481287,linear,1,0.5
train_263.csv,test_263.csv,67.72,67.25,30,10000,3,probit,0.28867513459481287,linear,1,0.5
train_264.csv,test_264.csv,66.68,67.98,30,10000,3,probit,0.28867513459481287,linear,1,0.5
train_265.csv,test_265.csv,67.75,67.05,30,10000,3,probit,0.28867513459481287,linear,1,0.5
train_266.csv,test_266.csv,68.01,68.01,30,10000,3,probit,0.28867513459481287,linear,1,0.5
train_267.csv,test_267.csv,67.78,67.53,30,10000,3,probit,0.28867513459481287,linear,1,0.5
train_268.csv,test_268.csv,67.82,66.93,30,10000,3,probit,0.28867513459481287,linear,1,0.5
train_269.csv,test_269.csv,67.1,67.78,30,10000,3,probit,0.28867513459481287,linear,1,0.5
train_270.csv,test_270.csv,68.02,67.49,30,10000,3,probit,0.28867513459481287,linear,1,0.5
train_271.csv,test_271.csv,60.3,61.09,30,10000,3,probit,0.28867513459481287,CD,1,1
train_272.csv,test_272.csv,60.89,60.97,30,10000,3,probit,0.28867513459481287,CD,1,1
train_273.csv,test_273.csv,61.25,60.77,30,10000,3,probit,0.28867513459481287,CD,1,1
train_274.csv,test_274.csv,60.76,60.7,30,10000,3,probit,0.28867513459481287,CD,1,1
train_275.csv,test_275.csv,60.46,60.37,30,10000,3,probit,0.28867513459481287,CD,1,1
train_276.csv,test_276.csv,60.3,60.52,30,10000,3,probit,0.28867513459481287,CD,1,1
train_277.csv,test_277.csv,60.32,60.85,30,10000,3,probit,0.28867513459481287,CD,1,1
train_278.csv,test_278.csv,60.51,60.42,30,10000,3,probit,0.28867513459481287,CD,1,1
train_279.csv,test_279.csv,59.57,60.41,30,10000,3,probit,0.28867513459481287,CD,1,1
train_280.csv,test_280.csv,60.66,60.77,30,10000,3,probit,0.28867513459481287,CD,1,1
train_281.csv,test_281.csv,61.07,60.72,30,10000,3,probit,0.28867513459481287,CD,1,1
train_282.csv,test_282.csv,60.81,60.54,30,10000,3,probit,0.28867513459481287,CD,1,1
train_283.csv,test_283.csv,60.31,61.53,30,10000,3,probit,0.28867513459481287,CD,1,1
train_284.csv,test_284.csv,60.28,61.54,30,10000,3,probit,0.28867513459481287,CD,1,1
train_285.csv,test_285.csv,61.28,60.43,30,10000,3,probit,0.28867513459481287,CD,1,1
train_286.csv,test_286.csv,60.56,60.45,30,10000,3,probit,0.28867513459481287,CD,1,1
train_287.csv,test_287.csv,60.19,60.02,30,10000,3,probit,0.28867513459481287,CD,1,1
train_288.csv,test_288.csv,60.85,59.96,30,10000,3,probit,0.28867513459481287,CD,1,1
train_289.csv,test_289.csv,59.92,60.46,30,10000,3,probit,0.28867513459481287,CD,1,1
train_290.csv,test_290.csv,61.12,61.12,30,10000,3,probit,0.28867513459481287,CD,1,1
train_291.csv,test_291.csv,60.19,60.48,30,10000,3,probit,0.28867513459481287,CD,1,1
train_292.csv,test_292.csv,61.13,61.77,30,10000,3,probit,0.28867513459481287,CD,1,1
train_293.csv,test_293.csv,60.56,60.98,30,10000,3,probit,0.28867513459481287,CD,1,1
train_294.csv,test_294.csv,60.15,60.53,30,10000,3,probit,0.28867513459481287,CD,1,1
train_295.csv,test_295.csv,60.18,60.82,30,10000,3,probit,0.28867513459481287,CD,1,1
train_296.csv,test_296.csv,59.92,60.66,30,10000,3,probit,0.28867513459481287,CD,1,1
train_297.csv,test_297.csv,60.23,60.76,30,10000,3,probit,0.28867513459481287,CD,1,1
train_298.csv,test_298.csv,61.1,60.59,30,10000,3,probit,0.28867513459481287,CD,1,1
train_299.csv,test_299.csv,60.11,59.29,30,10000,3,probit,0.28867513459481287,CD,1,1
train_300.csv,test_300.csv,61.31,61.0,30,10000,3,probit,0.28867513459481287,CD,1,1
train_301.csv,test_301.csv,57.53,57.45,30,10000,3,probit,0.28867513459481287,CD,1,2
train_302.csv,test_302.csv,57.46,56.66,30,10000,3,probit,0.28867513459481287,CD,1,2
train_303.csv,test_303.csv,57.78,57.37,30,10000,3,probit,0.28867513459481287,CD,1,2
train_304.csv,test_304.csv,57.12,56.79,30,10000,3,probit,0.28867513459481287,CD,1,2
train_305.csv,test_305.csv,56.83,57.15,30,10000,3,probit,0.28867513459481287,CD,1,2
train_306.csv,test_306.csv,56.48,58.29,30,10000,3,probit,0.28867513459481287,CD,1,2
train_307.csv,test_307.csv,57.38,57.31,30,10000,3,probit,0.28867513459481287,CD,1,2
train_308.csv,test_308.csv,57.11,57.66,30,10000,3,probit,0.28867513459481287,CD,1,2
train_309.csv,test_309.csv,56.08,56.86,30,10000,3,probit,0.28867513459481287,CD,1,2
train_310.csv,test_310.csv,56.89,57.51,30,10000,3,probit,0.28867513459481287,CD,1,2
train_311.csv,test_311.csv,56.12,57.41,30,10000,3,probit,0.28867513459481287,CD,1,2
train_312.csv,test_312.csv,56.4,57.29,30,10000,3,probit,0.28867513459481287,CD,1,2
train_313.csv,test_313.csv,56.93,58.0,30,10000,3,probit,0.28867513459481287,CD,1,2
train_314.csv,test_314.csv,57.59,57.38,30,10000,3,probit,0.28867513459481287,CD,1,2
train_315.csv,test_315.csv,56.88,57.01,30,10000,3,probit,0.28867513459481287,CD,1,2
train_316.csv,test_316.csv,56.93,57.32,30,10000,3,probit,0.28867513459481287,CD,1,2
train_317.csv,test_317.csv,56.96,57.48,30,10000,3,probit,0.28867513459481287,CD,1,2
train_318.csv,test_318.csv,57.59,58.12,30,10000,3,probit,0.28867513459481287,CD,1,2
train_319.csv,test_319.csv,57.87,57.29,30,10000,3,probit,0.28867513459481287,CD,1,2
train_320.csv,test_320.csv,58.2,57.25,30,10000,3,probit,0.28867513459481287,CD,1,2
train_321.csv,test_321.csv,57.91,56.31,30,10000,3,probit,0.28867513459481287,CD,1,2
train_322.csv,test_322.csv,58.13,56.42,30,10000,3,probit,0.28867513459481287,CD,1,2
train_323.csv,test_323.csv,57.6,57.08,30,10000,3,probit,0.28867513459481287,CD,1,2
train_324.csv,test_324.csv,57.18,57.41,30,10000,3,probit,0.28867513459481287,CD,1,2
train_325.csv,test_325.csv,57.77,57.75,30,10000,3,probit,0.28867513459481287,CD,1,2
train_326.csv,test_326.csv,57.41,56.44,30,10000,3,probit,0.28867513459481287,CD,1,2
train_327.csv,test_327.csv,57.62,56.95,30,10000,3,probit,0.28867513459481287,CD,1,2
train_328.csv,test_328.csv,56.79,56.39,30,10000,3,probit,0.28867513459481287,CD,1,2
train_329.csv,test_329.csv,57.26,57.44,30,10000,3,probit,0.28867513459481287,CD,1,2
train_330.csv,test_330.csv,57.32,57.34,30,10000,3,probit,0.28867513459481287,CD,1,2
train_331.csv,test_331.csv,62.03,62.45,30,10000,3,probit,0.28867513459481287,CD,1,0.5
train_332.csv,test_332.csv,62.29,62.33,30,10000,3,probit,0.28867513459481287,CD,1,0.5
train_333.csv,test_333.csv,62.06,61.41,30,10000,3,probit,0.28867513459481287,CD,1,0.5
train_334.csv,test_334.csv,61.2,62.75,30,10000,3,probit,0.28867513459481287,CD,1,0.5
train_335.csv,test_335.csv,62.7,61.9,30,10000,3,probit,0.28867513459481287,CD,1,0.5
train_336.csv,test_336.csv,61.57,61.78,30,10000,3,probit,0.28867513459481287,CD,1,0.5
train_337.csv,test_337.csv,61.82,61.41,30,10000,3,probit,0.28867513459481287,CD,1,0.5
train_338.csv,test_338.csv,62.5,62.6,30,10000,3,probit,0.28867513459481287,CD,1,0.5
train_339.csv,test_339.csv,62.93,61.73,30,10000,3,probit,0.28867513459481287,CD,1,0.5
train_340.csv,test_340.csv,61.11,62.18,30,10000,3,probit,0.28867513459481287,CD,1,0.5
train_341.csv,test_341.csv,62.06,62.03,30,10000,3,probit,0.28867513459481287,CD,1,0.5
train_342.csv,test_342.csv,61.48,62.45,30,10000,3,probit,0.28867513459481287,CD,1,0.5
train_343.csv,test_343.csv,62.33,62.98,30,10000,3,probit,0.28867513459481287,CD,1,0.5
train_344.csv,test_344.csv,60.2,62.2,30,10000,3,probit,0.28867513459481287,CD,1,0.5
train_345.csv,test_345.csv,61.67,61.55,30,10000,3,probit,0.28867513459481287,CD,1,0.5
train_346.csv,test_346.csv,62.97,61.54,30,10000,3,probit,0.28867513459481287,CD,1,0.5
train_347.csv,test_347.csv,62.63,61.98,30,10000,3,probit,0.28867513459481287,CD,1,0.5
train_348.csv,test_348.csv,63.11,62.17,30,10000,3,probit,0.28867513459481287,CD,1,0.5
train_349.csv,test_349.csv,61.83,61.8,30,10000,3,probit,0.28867513459481287,CD,1,0.5
train_350.csv,test_350.csv,62.72,62.0,30,10000,3,probit,0.28867513459481287,CD,1,0.5
train_351.csv,test_351.csv,62.94,62.17,30,10000,3,probit,0.28867513459481287,CD,1,0.5
train_352.csv,test_352.csv,61.16,61.47,30,10000,3,probit,0.28867513459481287,CD,1,0.5
train_353.csv,test_353.csv,62.17,62.29,30,10000,3,probit,0.28867513459481287,CD,1,0.5
train_354.csv,test_354.csv,61.21,61.62,30,10000,3,probit,0.28867513459481287,CD,1,0.5
train_355.csv,test_355.csv,61.52,61.41,30,10000,3,probit,0.28867513459481287,CD,1,0.5
train_356.csv,test_356.csv,61.67,62.84,30,10000,3,probit,0.28867513459481287,CD,1,0.5
train_357.csv,test_357.csv,61.12,62.21,30,10000,3,probit,0.28867513459481287,CD,1,0.5
train_358.csv,test_358.csv,62.17,61.15,30,10000,3,probit,0.28867513459481287,CD,1,0.5
train_359.csv,test_359.csv,61.83,62.18,30,10000,3,probit,0.28867513459481287,CD,1,0.5
train_360.csv,test_360.csv,62.26,62.5,30,10000,3,probit,0.28867513459481287,CD,1,0.5
