ID,TimePT,TimeCar,MarginalCostPT,CostCarCHF,distance_km,age,NbChild,NbCar,NbMoto,NbBicy,Choice,Gender_man,Gender_unreported,Gender_woman,OccupStat_fulltime,OccupStat_notfulltime
10350017,85,32,0.0,4.54,30.0,27,0,1,0,3,1,1,0,0,0,1
10350075,107,23,24.0,3.38,25.0,63,0,1,0,0,1,0,0,1,0,1
10350085,190,14,10.8,1.66,12.5,57,0,2,0,3,1,1,0,0,1,0
10350086,116,20,9.6,2.71,19.0,58,0,2,0,3,1,0,0,1,0,1
10350100,20,9,2.2,1.63,13.0,80,0,1,0,0,1,1,0,0,0,1
10350120,116,33,12.4,6.98,45.0,64,0,1,0,2,1,0,0,1,0,1
10350133,92,27,11.0,3.88,27.0,59,0,1,0,2,1,1,0,0,1,0
10350197,124,22,0.0,3.5,26.0,30,0,2,0,1,1,1,0,0,1,0
10350199,123,19,9.4,2.91,22.0,33,1,2,0,2,1,0,0,1,0,1
10350199,80,12,4.8,1.62,11.0,33,1,2,0,2,1,0,0,1,0,1
10350272,266,51,37.2,7.65,55.0,42,3,2,0,3,1,1,0,0,1,0
10350272,250,40,11.0,7.39,49.5,42,3,2,0,3,1,1,0,0,1,0
10359998,33,9,3.0,0.97,7.0,50,0,2,0,4,1,1,0,0,1,0
10359999,88,40,26.0,7.19,54.0,-1,-1,-1,-1,-1,0,0,1,0,0,1
10360009,29,9,6.2,1.32,9.0,69,2,4,1,4,1,1,0,0,0,1
10360009,0,1,0.0,0.2,0.8,69,2,4,1,4,2,1,0,0,0,1
10360009,71,14,4.8,1.52,11.0,69,2,4,1,4,1,1,0,0,0,1
10360009,90,5,6.2,0.6,3.0,69,2,4,1,4,1,1,0,0,0,1
10360013,181,24,16.2,2.97,20.0,42,2,2,0,4,1,1,0,0,1,0
10360014,95,27,9.6,4.07,28.0,42,0,2,0,4,1,1,0,0,1,0
10360015,126,26,9.2,3.87,28.0,-1,-1,-1,-1,-1,1,0,1,0,0,1
10360016,184,30,20.0,3.68,22.0,44,0,1,0,1,1,0,0,1,1,0
10360023,162,10,0.0,1.12,7.0,17,3,2,1,6,1,0,0,1,0,1
10360023,111,19,0.0,2.06,16.5,17,3,2,1,6,1,0,0,1,0,1
10360023,182,12,0.0,1.35,11.0,17,3,2,1,6,1,0,0,1,0,1
10360035,118,33,11.0,4.7,30.0,54,0,3,0,2,1,0,0,1,0,1
10360095,50,16,4.8,2.35,15.0,30,-1,2,2,2,1,0,0,1,0,1
10360095,63,16,4.8,2.32,16.0,30,-1,2,2,2,1,0,0,1,0,1
10360113,145,14,14.0,1.81,14.2,53,0,3,2,3,1,1,0,0,1,0
10360139,135,33,7.8,4.46,31.0,46,2,2,1,3,1,0,0,1,0,1
10360139,0,2,2.2,0.49,1.4,46,2,2,1,3,1,0,0,1,0,1
10360162,98,5,3.0,0.6,3.5,70,0,1,0,2,1,1,0,0,0,1
10360162,11,2,2.2,0.21,0.7,70,0,1,0,2,2,1,0,0,0,1
10360162,15,3,0.0,0.46,1.1,70,0,1,0,2,2,1,0,0,0,1
10360193,159,28,43.2,4.61,32.5,37,0,2,0,0,1,1,0,0,1,0
10360195,194,47,9.6,6.98,51.5,52,0,2,1,4,1,0,0,1,0,1
10360212,61,15,6.2,2.39,16.0,59,0,2,0,0,1,1,0,0,0,1
10360212,73,8,6.2,0.87,6.5,59,0,2,0,0,1,1,0,0,0,1
10360225,60,17,2.4,2.45,16.0,60,0,1,0,3,1,0,0,1,0,1
10360225,228,64,38.9,12.8,97.0,60,0,1,0,3,1,0,0,1,0,1
10360225,269,180,44.6,38.61,298.0,60,0,1,0,3,1,0,0,1,0,1
10360235,219,49,38.4,9.04,67.0,61,0,3,1,5,1,1,0,0,1,0
10360236,193,40,15.8,5.03,32.5,48,-1,3,1,5,1,0,0,1,0,1
10360283,127,44,12.4,4.69,32.0,-1,-1,-1,-1,-1,1,0,1,0,0,1
10360284,162,33,7.0,4.63,34.0,66,0,2,0,2,1,0,0,1,0,1
10360284,151,28,4.8,3.28,21.6,66,0,2,0,2,1,0,0,1,0,1
10360285,176,30,11.0,4.49,29.0,39,2,2,1,4,1,0,0,1,0,1
10360285,143,34,11.0,4.79,30.0,39,2,2,1,4,1,0,0,1,0,1
10360286,185,61,43.2,11.78,88.0,42,2,2,1,4,1,1,0,0,1,0
10360366,189,36,15.8,4.33,27.0,78,-1,1,-1,-1,1,1,0,0,0,1
10360414,108,23,9.6,3.4,25.0,44,3,1,1,5,1,1,0,0,1,0
10360414,102,24,9.6,3.73,27.0,44,3,1,1,5,1,1,0,0,1,0
10360415,77,18,6.0,2.01,14.0,36,3,1,1,5,1,0,0,1,0,1
10360458,9,0,2.2,0.07,0.2,41,1,2,-1,5,1,0,0,1,1,0
10360458,16,3,2.2,0.37,3.0,41,1,2,-1,5,1,0,0,1,1,0
10360460,66,16,9.6,2.41,17.0,27,0,2,0,1,1,1,0,0,1,0
10360462,124,46,12.4,6.68,50.5,65,0,1,0,0,1,0,0,1,0,1
10360464,91,22,0.0,2.95,22.5,17,1,1,1,4,0,1,0,0,0,1
10360475,53,1,2.8,0.16,0.7,50,1,2,0,7,0,1,0,0,1,0
10360475,162,85,21.0,14.37,109.0,50,1,2,0,7,1,1,0,0,1,0
10360518,104,35,11.0,4.63,31.0,28,0,2,0,2,1,0,0,1,0,1
10360519,279,117,46.2,15.35,109.0,29,0,2,0,2,1,1,0,0,0,1
10360519,127,31,12.4,3.48,24.0,29,0,2,0,2,1,1,0,0,0,1
10360527,102,14,4.8,2.24,16.5,41,2,1,1,3,1,0,0,1,0,1
10360527,82,12,3.0,1.48,11.0,41,2,1,1,3,1,0,0,1,0,1
10360532,105,29,11.0,4.63,31.0,37,1,2,0,2,1,1,0,0,1,0
10360533,251,76,65.8,15.96,119.0,39,1,2,0,3,1,0,0,1,0,1
10360564,105,45,10.2,6.78,49.0,75,-1,2,-1,1,1,1,0,0,0,1
10360564,146,55,16.4,9.92,72.0,75,-1,2,-1,1,1,1,0,0,0,1
10360566,141,36,14.4,4.87,32.0,52,-1,1,0,1,1,1,0,0,1,0
10360626,45,15,2.4,2.15,15.0,53,-1,1,-1,1,1,1,0,0,0,1
10540009,222,55,49.6,9.06,69.0,44,2,2,1,3,1,0,0,1,0,1
10540009,99,16,5.6,1.76,13.0,44,2,2,1,3,1,0,0,1,0,1
10540009,65,5,5.4,0.6,3.8,44,2,2,1,3,1,0,0,1,0,1
10540067,26,32,2.2,3.31,25.0,55,1,2,0,4,1,1,0,0,1,0
10540067,10,0,2.2,0.07,0.4,55,1,2,0,4,1,1,0,0,1,0
10540067,66,16,2.2,1.75,12.0,55,1,2,0,4,1,1,0,0,1,0
10540067,42,3,2.2,0.36,2.0,55,1,2,0,4,1,1,0,0,1,0
10540128,124,40,12.2,3.77,23.5,64,0,2,0,3,1,0,0,1,0,1
10540131,101,31,8.8,4.54,32.0,40,2,2,0,5,1,0,0,1,0,1
10540131,105,31,7.1,4.51,32.0,40,2,2,0,5,1,0,0,1,0,1
10540169,112,20,3.9,2.21,17.5,69,0,1,0,2,1,1,0,0,0,1
10540178,66,3,4.8,0.39,2.5,59,0,2,0,2,1,1,0,0,0,1
10540178,186,34,8.2,3.94,28.0,59,0,2,0,2,1,1,0,0,0,1
10540184,110,13,11.0,1.23,6.0,63,-1,2,-1,-1,1,1,0,0,1,0
10540184,111,13,11.0,1.23,6.0,63,-1,2,-1,-1,1,1,0,0,1,0
10540187,96,34,0.0,3.2,18.0,45,2,1,1,4,1,1,0,0,1,0
10540199,119,38,5.5,4.57,32.0,22,-1,1,-1,2,0,0,0,1,0,1
10540215,67,17,6.2,2.19,17.0,40,0,2,0,2,1,0,0,1,1,0
10540216,139,33,16.4,5.79,45.0,30,0,2,0,2,1,1,0,0,1,0
10540237,64,11,6.0,1.16,6.5,34,1,2,0,2,1,0,0,1,0,1
10540250,46,35,0.0,3.67,25.0,25,-1,1,-1,2,0,1,0,0,1,0
10540252,172,16,7.8,1.71,12.0,25,-1,1,-1,2,1,0,0,1,1,0
10540260,123,41,0.0,4.08,23.5,20,0,1,0,3,0,0,0,1,0,1
10540265,168,28,35.1,2.97,22.0,44,2,2,0,4,1,1,0,0,1,0
10540266,234,40,7.9,4.18,28.8,41,2,2,0,4,1,0,0,1,0,1
10540269,97,33,11.0,3.27,17.5,52,-1,2,1,2,1,0,0,1,0,1
10540270,113,36,11.0,3.5,18.5,-1,-1,-1,-1,-1,1,0,1,0,0,1
10540271,196,25,12.6,3.12,23.0,35,4,2,0,6,1,0,0,1,0,1
10540271,93,8,6.0,0.85,5.1,35,4,2,0,6,1,0,0,1,0,1
10540297,270,171,43.3,28.12,208.0,44,0,1,0,0,1,1,0,0,1,0
10540298,167,63,12.5,9.76,68.0,33,-1,1,0,0,0,0,0,1,1,0
10540305,101,19,5.6,1.98,14.5,70,0,1,0,0,1,1,0,0,0,1
10540335,177,49,13.8,4.17,31.5,-1,0,2,1,3,1,0,1,0,0,1
10540353,434,142,65.8,21.84,159.0,-1,-1,-1,-1,-1,1,0,1,0,0,1
10540354,76,14,3.8,1.53,10.9,43,-1,2,1,2,1,0,0,1,1,0
10540384,65,17,4.8,1.79,12.0,75,0,2,0,3,1,1,0,0,0,1
10540395,140,66,13.3,6.71,37.0,47,2,2,1,4,1,1,0,0,1,0
10540514,67,14,2.4,1.39,9.5,77,0,2,0,1,1,0,0,1,0,1
10540514,65,14,2.4,1.39,9.5,77,0,2,0,1,0,0,0,1,0,1
10540514,44,6,2.2,0.72,5.5,77,0,2,0,1,1,0,0,1,0,1
10540514,103,26,8.6,2.84,22.0,77,0,2,0,1,0,0,0,1,0,1
10540516,55,38,5.5,3.77,25.0,30,0,2,0,0,1,1,0,0,1,0
10540517,117,33,8.8,3.48,23.0,39,1,2,0,4,1,1,0,0,1,0
10540531,166,44,12.2,4.47,28.5,74,0,2,0,0,1,1,0,0,0,1
10540532,119,37,13.6,4.08,27.5,71,0,2,0,0,1,0,0,1,0,1
10540532,32,6,3.0,0.72,5.5,71,0,2,0,0,1,0,0,1,0,1
10540559,46,5,5.6,0.72,4.1,63,-1,2,-1,2,1,1,0,0,1,0
10540559,265,45,19.2,6.31,42.0,63,-1,2,-1,2,1,1,0,0,1,0
10540606,164,24,4.8,2.46,18.5,77,0,1,0,3,1,1,0,0,0,1
10540675,25,3,2.2,0.4,2.0,63,0,0,0,2,1,0,0,1,0,1
10540675,23,4,2.8,0.49,3.0,63,0,0,0,2,1,0,0,1,0,1
10540689,141,28,6.0,2.92,21.0,38,2,2,0,4,1,1,0,0,1,0
10540689,118,28,6.0,2.92,21.0,38,2,2,0,4,1,1,0,0,1,0
10540691,135,20,13.2,2.19,15.6,43,2,2,0,4,1,0,0,1,0,1
10540691,68,7,5.2,0.79,5.5,43,2,2,0,4,1,0,0,1,0,1
10540692,278,62,61.6,8.54,65.5,37,2,2,0,3,1,1,0,0,1,0
10540692,33,4,5.4,0.54,3.1,37,2,2,0,3,1,1,0,0,1,0
10540774,232,77,50.0,10.15,72.0,57,0,2,0,3,1,1,0,0,1,0
10540804,141,44,7.0,4.64,31.5,24,-1,-1,-1,-1,0,1,0,0,0,1
10540806,22,5,2.2,0.53,3.0,67,0,2,0,0,1,0,0,1,0,1
10540807,59,11,2.4,1.2,7.0,43,0,1,0,0,1,1,0,0,0,1
10541086,245,71,14.2,9.37,66.0,41,2,1,1,4,1,0,0,1,0,1
10541086,85,35,5.5,3.54,24.0,41,2,1,1,4,1,0,0,1,0,1
10980037,17,17,0.0,1.71,11.0,29,-1,1,-1,1,0,0,0,1,1,0
10980079,154,30,4.8,3.24,19.6,40,3,2,0,7,1,1,0,0,1,0
10980080,126,20,3.1,2.21,15.5,38,3,2,0,6,1,0,0,1,0,1
10980080,153,41,5.5,6.99,52.0,38,3,2,0,6,1,0,0,1,0,1
10980080,48,20,2.2,2.21,15.5,38,3,2,0,6,1,0,0,1,0,1
10980080,114,20,3.1,2.14,14.5,38,3,2,0,6,1,0,0,1,0,1
10980223,89,46,72.1,4.67,24.4,73,-1,2,-1,-1,1,1,0,0,0,1
11460060,239,70,22.7,9.46,70.5,47,4,2,0,6,1,1,0,0,1,0
11460070,155,47,22.6,5.93,43.0,56,0,2,0,2,1,0,0,1,1,0
11460082,206,71,26.0,9.56,71.0,58,0,2,2,0,1,0,0,1,0,1
11460106,20,3,2.2,0.34,2.5,75,0,1,0,0,0,1,0,0,0,1
14050047,183,69,17.2,12.93,96.0,31,0,3,1,2,1,1,0,0,1,0
14050047,181,53,18.2,9.76,75.0,31,0,3,1,2,1,1,0,0,1,0
14050076,70,16,3.7,1.53,8.0,39,2,2,0,4,1,0,0,1,0,1
14050076,100,23,4.2,2.68,17.5,39,2,2,0,4,1,0,0,1,0,1
14050110,65,28,18.2,5.13,39.0,57,0,2,0,2,1,0,0,1,0,1
14050110,15,8,3.4,0.79,4.0,57,0,2,0,2,1,0,0,1,0,1
14050133,284,95,0.0,17.77,128.0,37,0,1,0,2,1,1,0,0,1,0
14050180,55,9,3.4,1.29,9.5,47,3,1,0,4,1,0,0,1,0,1
14050180,20,8,3.4,0.79,4.0,47,3,1,0,4,1,0,0,1,0,1
14050182,107,30,9.6,4.41,33.0,30,1,2,0,2,1,1,0,0,1,0
14050186,126,20,11.4,2.32,15.0,37,5,2,1,9,1,1,0,0,0,1
14050186,134,20,8.0,2.32,15.0,37,5,2,1,9,1,1,0,0,0,1
14050193,97,24,3.4,2.74,17.0,40,2,1,1,4,1,0,0,1,0,1
14050194,57,17,3.7,1.69,9.0,-1,2,1,1,4,1,1,0,0,1,0
14050226,18,6,2.2,0.64,3.5,76,0,0,0,1,0,0,0,1,0,1
14050250,170,112,28.2,23.85,184.0,65,0,2,2,2,0,1,0,0,0,1
14050278,289,62,40.0,11.32,85.0,46,2,2,0,4,1,1,0,0,1,0
19130012,99,58,30.6,10.89,81.0,49,-1,2,-1,1,1,1,0,0,1,0
19130036,253,46,41.0,6.74,53.5,29,2,2,0,0,1,0,0,1,0,1
19130062,16,3,3.4,0.34,2.0,46,2,2,0,5,1,0,0,1,0,1
19130062,78,22,19.2,4.11,32.0,46,2,2,0,5,1,0,0,1,0,1
19130062,18,2,3.0,0.27,1.0,46,2,2,0,5,1,0,0,1,0,1
19130080,98,31,15.2,4.57,31.6,43,3,2,0,5,1,0,0,1,0,1
19130080,14,2,0.0,0.37,1.2,43,3,2,0,5,1,0,0,1,0,1
19130092,127,36,29.0,5.36,39.0,36,-1,1,-1,1,1,0,0,1,1,0
19130092,28,6,0.0,0.63,2.4,36,-1,1,-1,1,1,0,0,1,1,0
19130149,162,34,21.6,5.12,37.0,41,2,2,0,4,1,1,0,0,1,0
19130149,150,32,23.2,5.07,35.0,41,2,2,0,4,1,1,0,0,1,0
19130203,26,16,6.0,1.89,12.0,52,1,2,0,7,2,0,0,1,0,1
19130206,134,12,15.8,1.53,10.0,66,0,2,0,0,1,1,0,0,0,1
19130206,118,33,24.2,4.7,32.0,66,0,2,0,0,1,1,0,0,0,1
19130238,138,12,12.4,1.53,10.0,67,0,1,0,2,1,1,0,0,0,1
19130252,180,86,51.4,18.69,122.0,61,0,1,0,0,0,1,0,0,1,0
19130279,519,378,76.4,66.36,508.9,67,0,2,1,1,0,0,0,1,0,1
19130291,197,102,63.6,20.79,160.0,39,1,2,-1,2,1,0,0,1,0,1
19130292,129,33,32.0,5.13,37.0,39,1,2,-1,2,1,0,0,1,0,1
19130374,367,133,0.0,26.14,141.5,42,0,1,0,0,1,0,0,1,0,1
19130486,19,4,2.2,0.43,2.5,35,1,1,0,3,0,1,0,0,1,0
19130578,44,16,4.8,2.49,17.0,31,0,2,0,2,1,0,0,1,1,0
19130578,31,6,2.2,0.96,4.5,31,0,2,0,2,1,0,0,1,1,0
19130578,29,5,2.2,0.92,4.5,31,0,2,0,2,1,0,0,1,1,0
19130766,145,54,33.6,10.7,82.0,57,0,1,0,2,1,1,0,0,0,1
19130798,113,42,34.6,5.4,42.0,40,0,1,1,0,1,1,0,0,1,0
19130798,188,42,34.6,5.4,42.0,40,0,1,1,0,1,1,0,0,1,0
19130827,221,56,38.4,9.49,72.0,39,2,2,-1,4,1,1,0,0,1,0
19130843,97,37,0.0,5.29,39.0,18,1,1,0,3,1,1,0,0,0,1
19130855,72,27,7.6,4.13,31.0,34,1,2,0,2,1,0,0,1,0,1
19130855,126,27,14.8,4.14,31.0,34,1,2,0,2,1,0,0,1,0,1
19130863,338,63,51.8,14.32,101.0,37,-1,-1,-1,-1,1,1,0,0,1,0
19130863,64,18,8.2,1.91,15.0,37,-1,-1,-1,-1,1,1,0,0,1,0
19130867,49,15,10.2,2.51,18.0,31,0,1,0,2,1,1,0,0,1,0
19130871,220,59,20.9,10.27,78.5,51,0,2,0,2,1,0,0,1,0,1
19130883,74,21,12.8,3.12,22.0,68,1,1,0,1,1,0,0,1,0,1
19130883,79,21,12.8,3.12,22.0,68,1,1,0,1,1,0,0,1,0,1
19130912,22,6,6.0,0.73,4.0,74,0,1,0,0,1,1,0,0,0,1
19130912,94,26,16.4,3.67,28.0,74,0,1,0,0,1,1,0,0,0,1
19130933,19,5,2.2,0.53,3.0,78,0,1,0,0,1,1,0,0,0,1
19610035,72,14,2.6,1.39,5.5,45,2,1,0,6,1,0,0,1,0,1
19610035,73,14,2.6,1.39,5.5,45,2,1,0,6,1,0,0,1,0,1
19610100,158,49,28.0,4.96,29.3,64,0,2,0,0,1,1,0,0,0,1
19610114,82,26,10.6,2.67,16.2,52,0,2,0,4,1,0,0,1,0,1
19610182,75,39,6.2,3.97,25.0,29,0,1,0,0,1,0,0,1,1,0
19610191,48,24,3.8,2.35,14.0,76,-1,1,-1,-1,0,0,0,1,0,1
19610192,51,27,7.6,2.38,15.0,78,-1,1,-1,-1,1,1,0,0,0,1
19610203,237,128,30.0,24.62,183.2,64,0,2,1,1,1,0,0,1,0,1
19650008,153,112,24.0,22.0,165.5,77,-1,-1,-1,-1,0,0,0,1,0,1
19650025,44,15,3.2,1.63,7.1,45,2,2,1,2,1,1,0,0,1,0
19650025,78,27,3.7,2.81,13.5,45,2,2,1,2,1,1,0,0,1,0
19650025,72,30,3.2,2.94,14.0,45,2,2,1,2,1,1,0,0,1,0
19650026,89,28,7.4,2.87,14.0,42,2,2,1,2,1,0,0,1,0,1
19650026,119,22,12.4,2.45,9.5,42,2,2,1,2,1,0,0,1,0,1
19650035,250,72,33.4,10.95,70.0,-1,0,2,0,1,1,0,1,0,0,1
19650041,96,38,11.0,3.78,16.9,36,0,1,0,0,1,1,0,0,1,0
19650041,10,7,3.0,0.73,4.0,36,0,1,0,0,1,1,0,0,1,0
19650071,24,0,3.0,0.13,0.1,52,0,2,1,4,1,1,0,0,1,0
19650072,262,61,27.6,6.48,39.3,52,0,2,1,4,1,1,0,0,1,0
19650138,75,34,4.4,3.25,14.0,48,2,2,0,4,1,1,0,0,1,0
19650162,76,15,4.8,1.59,8.5,75,-1,1,-1,-1,1,0,0,1,0,1
19650218,52,30,7.4,3.25,14.0,37,0,2,1,2,1,0,0,1,1,0
19650224,197,40,12.8,4.06,24.0,48,0,1,0,1,1,0,0,1,1,0
19650224,182,40,16.8,4.06,24.0,48,0,1,0,1,1,0,0,1,1,0
19650281,61,36,0.0,4.24,18.0,37,3,1,0,5,0,1,0,0,1,0
19650295,137,64,14.0,9.19,64.0,55,1,1,1,2,1,1,0,0,1,0
19650425,139,35,8.6,3.47,17.5,36,0,1,0,0,1,0,0,1,0,1
19650447,22,11,3.4,1.07,4.0,37,0,1,0,2,1,0,0,1,0,1
19650447,55,26,9.0,2.45,13.0,37,0,1,0,2,1,0,0,1,0,1
19650448,45,23,7.4,2.32,10.0,37,0,1,0,2,0,0,0,1,0,1
19650490,244,95,45.8,16.04,115.4,42,2,3,0,4,1,0,0,1,0,1
19650491,22,4,3.0,0.52,2.4,42,2,3,0,4,2,0,0,1,0,1
19650491,21,4,3.0,0.5,2.5,42,2,3,0,4,1,0,0,1,0,1
19650511,30,2,3.0,0.26,1.2,50,2,3,1,2,1,0,0,1,0,1
19650512,64,16,3.4,1.58,7.0,52,2,3,1,2,1,1,0,0,1,0
19650518,37,19,3.0,1.86,11.0,-1,-1,-1,-1,-1,1,0,1,0,0,1
19650575,24,4,3.0,0.54,2.0,54,0,1,0,0,1,0,0,1,1,0
19650575,111,31,4.8,3.17,17.5,54,0,1,0,0,1,0,0,1,1,0
19650631,146,59,18.4,6.03,28.0,32,1,2,3,2,1,0,0,1,0,1
19650663,23,12,3.4,1.23,6.0,20,0,2,0,1,1,0,0,1,1,0
19650699,37,17,6.8,2.03,10.0,51,2,2,0,4,1,1,0,0,1,0
19650699,43,9,6.4,1.0,5.0,51,2,2,0,4,1,1,0,0,1,0
19650700,103,28,6.0,2.92,12.8,51,2,2,0,4,1,1,0,0,1,0
19730033,203,57,23.25,6.94,46.0,37,2,2,1,4,1,0,0,1,0,1
19730034,303,96,44.6,11.82,77.0,37,2,2,1,4,1,0,0,1,0,1
19730078,150,53,8.4,5.32,30.9,46,1,1,0,3,1,0,0,1,0,1
19730085,82,30,6.0,2.89,14.0,27,-1,1,1,1,0,0,0,1,1,0
19730092,138,53,20.0,5.23,31.0,60,0,1,0,1,1,0,0,1,1,0
19730119,51,24,4.8,2.35,15.0,28,0,2,1,2,1,0,0,1,0,1
19730126,98,48,0.0,4.74,30.0,28,0,1,0,0,0,0,0,1,0,1
20860315,35,9,3.8,0.95,5.5,42,2,2,0,5,1,0,0,1,0,1
20860315,15,10,0.0,1.23,7.0,42,2,2,0,5,1,0,0,1,0,1
28000133,72,27,18.2,3.74,28.0,-1,-1,-1,-1,-1,1,0,1,0,0,1
28000144,33,8,4.4,1.02,3.5,63,0,2,0,1,1,1,0,0,0,1
28000144,40,6,4.4,0.73,2.5,63,0,2,0,1,2,1,0,0,0,1
28000178,115,20,13.4,2.29,9.6,-1,-1,-1,-1,-1,1,0,1,0,0,1
28000244,95,130,12.1,16.29,121.0,38,3,1,0,4,0,1,0,0,1,0
28000306,61,17,4.1,1.95,13.5,29,1,1,0,2,0,0,0,1,0,1
28000340,115,100,31.8,11.64,85.9,-1,-1,-1,-1,-1,0,0,1,0,0,1
28000341,64,46,5.5,5.86,41.9,55,-1,1,-1,5,0,1,0,0,1,0
28000352,64,52,14.8,5.88,42.0,77,-1,1,0,2,1,1,0,0,0,1
28000352,229,170,69.2,30.05,231.0,77,-1,1,0,2,1,1,0,0,0,1
28000363,20,5,0.0,0.52,1.9,48,1,2,1,5,1,1,0,0,1,0
28000392,35,6,2.2,0.66,2.7,80,-1,-1,-1,1,0,0,0,1,0,1
28000450,23,2,2.2,0.27,1.1,46,0,2,0,4,1,0,0,1,0,1
28000460,219,177,0.0,24.26,180.5,37,0,1,0,0,0,0,0,1,0,1
28000532,135,108,0.0,16.16,122.0,30,0,1,0,2,0,0,0,1,1,0
28000700,50,6,2.2,0.66,2.9,42,3,1,0,6,1,0,0,1,0,1
28000700,18,4,2.2,0.49,1.9,42,3,1,0,6,2,0,0,1,0,1
28000701,69,14,3.0,1.63,7.0,45,3,1,0,6,1,1,0,0,0,1
28000701,58,14,2.6,1.62,6.0,45,3,1,0,6,1,1,0,0,0,1
28240008,68,21,4.0,1.99,14.3,68,0,1,0,0,1,1,0,0,0,1
28240009,165,38,7.5,4.4,30.0,66,0,1,0,0,1,0,0,1,0,1
28240046,27,4,0.0,0.37,2.2,63,0,1,0,0,1,1,0,0,1,0
28240046,111,24,9.0,2.01,12.0,63,0,1,0,0,1,1,0,0,1,0
28240110,105,37,16.6,3.58,23.6,36,2,2,1,4,1,1,0,0,1,0
28240110,39,21,6.2,1.99,12.6,36,2,2,1,4,1,1,0,0,1,0
28240111,29,8,6.0,0.37,2.4,31,2,2,1,4,1,0,0,1,1,0
28240111,70,9,14.0,0.82,5.2,31,2,2,1,4,1,0,0,1,1,0
28240134,83,33,8.0,4.7,35.0,23,-1,-1,2,3,0,0,0,1,0,1
28240134,139,122,25.0,22.56,150.0,23,-1,-1,2,3,0,0,0,1,0,1
28240137,27,11,0.0,1.02,6.1,78,-1,1,-1,1,1,1,0,0,0,1
28240158,30,10,2.2,0.83,5.6,42,4,1,-1,1,0,1,0,0,1,0
28240159,40,9,2.2,0.85,5.8,49,4,1,-1,6,2,0,0,1,0,1
28240179,168,114,18.5,13.54,101.0,51,0,3,0,4,0,1,0,0,1,0
28240201,48,17,3.1,1.73,11.5,74,-1,1,-1,1,0,0,0,1,0,1
28240202,215,163,0.0,20.71,150.0,39,2,1,0,4,0,1,0,0,1,0
28240264,140,56,0.0,10.02,69.0,19,1,1,1,5,0,1,0,0,0,1
28240270,280,199,0.0,33.47,235.0,24,0,2,1,6,0,1,0,0,0,1
28240302,211,54,26.6,6.2,43.5,69,0,1,0,1,1,1,0,0,0,1
28240303,211,54,26.6,6.2,43.5,67,0,1,0,0,1,0,0,1,0,1
28240312,72,20,8.8,2.26,15.0,-1,-1,-1,-1,-1,1,0,1,0,0,1
28240354,27,10,4.0,1.09,6.0,46,1,3,1,4,1,0,0,1,0,1
28240378,18,1,3.0,0.09,0.5,47,0,2,0,2,1,0,0,1,0,1
28240378,33,11,4.0,1.0,6.7,47,0,2,0,2,1,0,0,1,0,1
28240378,124,36,22.8,6.06,40.0,47,0,2,0,2,1,0,0,1,0,1
28240382,30,10,2.2,1.02,6.5,19,2,2,0,4,0,1,0,0,0,1
28240515,138,40,25.0,7.24,49.0,30,2,2,1,6,1,0,0,1,0,1
28240523,46,16,3.1,1.48,9.1,41,2,2,0,6,1,1,0,0,1,0
28240632,117,35,7.2,4.31,28.2,35,2,1,0,6,1,0,0,1,0,1
28240692,39,11,3.4,1.12,7.6,41,2,2,1,4,1,0,0,1,0,1
28240755,160,40,21.8,4.86,32.8,31,0,2,0,2,1,1,0,0,1,0
28240755,168,72,38.8,11.16,85.0,31,0,2,0,2,1,1,0,0,1,0
28240756,237,13,81.4,1.35,8.5,30,0,2,0,2,1,0,0,1,1,0
28240762,106,25,10.8,2.85,19.2,25,0,2,0,2,1,0,0,1,0,1
28240762,76,23,6.2,2.31,15.3,25,0,2,0,2,1,0,0,1,0,1
28240797,281,194,0.0,25.67,189.2,39,2,1,1,2,0,1,0,0,1,0
28240798,281,194,0.0,25.67,189.2,39,2,1,1,2,0,1,0,0,1,0
28240830,95,52,24.4,6.03,45.0,45,0,2,1,1,1,0,0,1,0,1
28240965,57,23,0.0,2.51,16.1,47,0,1,0,3,0,1,0,0,1,0
28240969,79,12,11.2,1.2,7.5,34,2,2,-1,3,1,1,0,0,1,0
28240969,81,8,11.2,0.82,4.6,34,2,2,-1,3,1,1,0,0,1,0
28240969,99,10,11.2,1.1,7.0,34,2,2,-1,3,1,1,0,0,1,0
28240970,27,10,4.0,0.99,6.7,29,2,2,-1,3,1,0,0,1,0,1
28240970,9,0,3.0,0.07,0.5,29,2,2,-1,3,2,0,0,1,0,1
28240993,82,14,11.0,1.39,10.0,61,0,1,0,1,1,1,0,0,1,0
28240993,44,18,6.2,1.83,12.1,61,0,1,0,1,1,1,0,0,1,0
28241047,210,19,47.6,2.74,18.0,64,0,1,0,3,1,1,0,0,1,0
28241132,58,19,8.0,1.83,11.9,51,0,2,1,2,1,0,0,1,0,1
28241228,26,8,2.2,0.73,4.9,65,-1,1,-1,1,0,0,0,1,0,1
28241260,144,57,14.2,10.09,69.0,19,0,2,0,2,0,1,0,0,0,1
28241261,109,30,9.2,2.46,15.41,56,-1,2,-1,3,1,0,0,1,0,1
28420015,62,10,2.8,1.2,6.0,73,0,1,0,1,1,1,0,0,0,1
28420051,61,8,3.2,0.87,5.0,51,0,1,0,5,1,0,0,1,0,1
28420056,241,169,29.7,21.88,164.0,37,2,1,1,4,1,0,0,1,0,1
28420152,46,6,5.6,0.73,4.0,63,0,1,0,4,1,1,0,0,0,1
28420168,189,178,32.0,24.26,180.0,47,2,2,0,4,0,1,0,0,1,0
28420168,82,13,2.2,1.32,6.5,47,2,2,0,4,1,1,0,0,1,0
28420278,29,6,3.0,0.64,3.0,48,0,2,0,1,1,0,0,1,0,1
28420278,40,6,3.4,0.62,3.0,48,0,2,0,1,1,0,0,1,0,1
28420282,67,54,21.6,6.36,46.0,68,-1,2,1,1,1,1,0,0,0,1
28420388,109,129,0.0,15.76,116.0,45,3,1,1,5,0,1,0,0,1,0
28630054,29,9,4.0,1.1,6.5,29,2,2,-1,1,1,0,0,1,0,1
28630101,127,37,19.2,5.33,32.5,67,0,1,0,1,1,0,0,1,0,1
28630101,159,21,25.0,2.15,15.0,67,0,1,0,1,1,0,0,1,0,1
28630155,36,16,4.0,1.86,12.0,30,-1,1,-1,1,1,1,0,0,1,0
28630155,180,82,24.6,10.17,66.0,30,-1,1,-1,1,1,1,0,0,1,0
28640111,107,28,17.2,3.11,20.0,-1,-1,-1,-1,-1,1,0,1,0,0,1
28640112,135,52,26.4,7.28,50.5,46,0,1,0,1,1,0,0,1,0,1
28640121,22,0,0.0,0.11,0.6,38,2,2,1,4,1,0,0,1,0,1
28640121,74,8,6.0,0.97,6.0,38,2,2,1,4,1,0,0,1,0,1
28640121,43,24,12.4,2.75,18.0,38,2,2,1,4,1,0,0,1,0,1
28640122,106,42,26.4,5.6,39.0,38,2,2,1,4,1,0,0,1,0,1
28640122,82,38,18.4,4.1,26.0,38,2,2,1,4,1,0,0,1,0,1
28640182,121,79,37.2,8.98,57.5,57,0,1,0,1,0,1,0,0,1,0
30330035,93,32,0.0,4.14,26.0,53,0,1,0,2,0,1,0,0,1,0
30330069,78,33,3.8,3.64,21.0,67,0,1,0,1,0,1,0,0,0,1
30330106,86,28,3.8,3.38,22.0,65,0,1,0,1,0,1,0,0,0,1
30330149,75,30,3.8,3.55,22.0,64,0,2,0,2,0,0,0,1,0,1
30330171,78,28,0.0,3.44,17.7,66,0,2,0,4,0,0,0,1,0,1
30330179,50,10,2.2,1.39,9.5,70,0,2,0,1,1,1,0,0,0,1
30330231,90,38,0.0,4.79,29.0,72,0,1,0,0,0,1,0,0,0,1
30330231,303,199,0.0,52.28,302.0,72,0,1,0,0,0,1,0,0,0,1
30330237,62,29,3.8,3.17,20.5,63,0,2,0,1,0,1,0,0,0,1
30330285,161,69,40.0,11.02,80.0,-1,-1,-1,-1,-1,1,0,1,0,0,1
30330286,165,69,40.0,11.02,80.0,-1,-1,-1,-1,-1,1,0,1,0,0,1
30330327,60,21,2.2,3.53,25.0,41,3,1,0,5,1,0,0,1,0,1
30330355,113,27,3.8,2.94,18.5,33,1,2,0,2,1,1,0,0,1,0
30330364,142,38,3.8,3.98,25.0,73,0,1,0,2,1,1,0,0,1,0
30330370,73,34,3.8,3.61,22.0,44,2,1,0,5,1,0,0,1,0,1
30330373,50,8,2.2,0.83,4.5,58,0,4,1,4,1,0,0,1,0,1
30330409,87,26,3.8,2.72,16.5,43,0,1,0,2,0,0,0,1,1,0
30330485,73,12,5.7,1.62,11.0,36,1,2,0,3,1,1,0,0,0,1
30330486,200,66,8.6,7.44,46.5,34,1,2,0,2,1,0,0,1,0,1
30330486,118,38,3.8,4.66,29.0,34,1,2,0,2,1,0,0,1,0,1
30330535,65,10,3.8,1.1,5.5,42,3,1,0,5,1,1,0,0,1,0
30330535,43,10,3.8,1.1,5.5,42,3,1,0,5,1,1,0,0,1,0
30330535,80,10,3.8,1.1,5.5,42,3,1,0,5,1,1,0,0,1,0
30330565,86,34,3.8,3.42,19.5,37,2,0,0,5,0,0,0,1,0,1
30330569,43,25,3.8,2.67,16.0,41,1,1,0,2,0,0,0,1,0,1
30330629,123,23,5.7,2.51,13.0,48,0,1,0,2,1,0,0,1,0,1
30330631,28,15,2.2,1.72,11.0,70,0,1,0,0,0,1,0,0,0,1
30330632,28,15,2.2,1.72,11.0,70,0,1,0,0,0,1,0,0,0,1
30330639,85,10,0.0,0.96,5.0,51,0,1,0,1,0,0,0,1,0,1
30330669,74,29,3.8,3.04,18.0,33,0,1,0,1,0,0,0,1,1,0
30330669,89,13,3.8,1.33,7.0,33,0,1,0,1,1,0,0,1,1,0
30330673,86,38,7.6,4.57,28.0,-1,-1,-1,-1,-1,1,0,1,0,0,1
30330673,102,36,7.6,4.4,28.0,-1,-1,-1,-1,-1,1,0,1,0,0,1
30330674,86,37,3.8,4.5,28.0,45,0,2,0,1,1,1,0,0,1,0
30330674,189,40,5.7,4.99,31.5,45,0,2,0,1,1,1,0,0,1,0
30330675,301,50,10.8,8.77,66.0,53,0,0,0,1,0,0,0,1,1,0
30330693,118,42,3.8,5.27,34.0,44,0,1,1,1,1,1,0,0,1,0
30330717,152,54,15.2,5.66,33.5,64,0,2,1,0,1,1,0,0,0,1
30330718,268,60,23.4,7.75,51.5,-1,-1,-1,-1,-1,1,0,1,0,0,1
30330725,226,72,16.2,10.46,80.0,45,0,2,0,2,1,1,0,0,1,0
30330726,84,18,7.6,1.92,10.0,-1,-1,-1,-1,-1,1,0,1,0,0,1
30330751,182,69,15.0,12.55,93.0,58,0,2,0,2,1,1,0,0,1,0
30330778,47,28,0.0,3.18,19.0,65,0,1,0,2,0,1,0,0,0,1
30330795,280,106,11.4,11.52,68.0,62,0,4,0,0,1,1,0,0,1,0
30330798,41,5,2.2,0.54,3.0,63,0,2,0,4,1,0,0,1,0,1
30330798,22,4,2.2,0.4,2.5,63,0,2,0,4,1,0,0,1,0,1
30330821,55,24,0.0,2.69,17.5,31,0,0,0,1,0,1,0,0,1,0
30330833,83,31,3.8,3.58,22.0,51,1,2,1,7,2,1,0,0,1,0
30330851,93,25,3.8,2.97,17.5,46,2,2,1,6,1,1,0,0,0,1
30330852,115,40,10.9,5.88,41.0,38,2,2,1,6,1,0,0,1,0,1
30330875,109,37,3.8,6.29,38.0,37,3,1,1,5,1,0,0,1,0,1
30330875,23,4,3.8,0.52,1.8,37,3,1,1,5,1,0,0,1,0,1
30330879,79,24,6.7,3.51,26.0,49,0,1,0,1,1,0,0,1,1,0
30330972,48,17,2.2,1.75,10.0,66,0,1,0,2,2,1,0,0,0,1
30330986,162,50,7.6,6.13,34.5,25,0,1,0,4,2,0,0,1,0,1
30331035,160,67,11.4,10.19,74.0,57,0,1,0,0,1,1,0,0,1,0
30332010,210,74,24.6,12.22,86.0,46,0,1,1,2,1,0,0,1,1,0
30860015,122,44,0.0,4.99,29.0,55,0,1,0,1,0,0,0,1,0,1
30860017,121,52,18.4,5.49,34.0,43,1,2,2,4,0,0,0,1,0,1
30860018,152,42,3.8,4.16,25.0,16,1,2,2,4,0,0,0,1,0,1
30860031,248,71,11.4,7.18,56.5,47,0,1,0,1,1,0,0,1,1,0
30860061,190,93,34.6,14.6,104.5,33,1,2,0,2,1,0,0,1,0,1
30860095,99,3,3.8,0.37,2.3,28,2,2,0,4,1,0,0,1,0,1
30860109,96,8,7.6,0.86,5.0,-1,-1,2,-1,-1,1,1,0,0,1,0
30860139,20,1,2.2,0.32,0.9,46,0,1,1,5,2,0,0,1,0,1
30860139,54,13,3.8,1.29,7.5,46,0,1,1,5,1,0,0,1,0,1
30860141,93,26,7.6,2.72,17.0,59,0,2,0,1,1,0,0,1,1,0
30860142,123,58,7.6,6.79,45.0,59,0,2,0,1,1,0,0,1,1,0
30860145,55,13,2.2,1.38,8.0,66,0,1,0,0,1,0,0,1,0,1
30860145,23,22,2.2,2.24,13.0,66,0,1,0,0,1,0,0,1,0,1
30860149,187,54,13.6,7.91,58.0,66,-1,1,-1,0,1,0,0,1,0,1
30860155,61,17,0.0,1.63,9.5,44,0,2,0,4,0,0,0,1,0,1
30860157,119,57,19.0,5.63,28.6,-1,0,1,0,2,0,0,1,0,0,1
30860167,115,44,5.8,5.36,31.0,69,0,1,0,2,1,1,0,0,0,1
30860168,212,62,7.6,6.45,36.3,69,0,1,0,2,1,0,0,1,0,1
30860176,46,34,11.4,3.48,19.5,-1,2,1,0,3,1,0,0,1,0,1
30860181,73,24,3.8,2.38,14.0,81,0,1,0,0,1,0,0,1,0,1
30860197,73,35,15.2,3.38,18.0,-1,2,1,1,4,2,0,1,0,0,1
30860215,6,5,2.2,0.67,3.7,75,0,2,0,2,1,1,0,0,0,1
30860227,135,53,14.1,7.28,54.0,63,0,2,0,0,1,1,0,0,0,1
30860227,77,29,8.6,3.54,24.0,63,0,2,0,0,1,1,0,0,0,1
30860240,129,43,7.6,4.27,23.5,35,1,2,1,3,1,0,0,1,0,1
30860249,29,104,2.2,13.81,102.0,55,0,1,0,3,2,1,0,0,1,0
30860253,163,88,17.1,10.99,76.0,37,0,2,0,4,1,0,0,1,0,1
30860265,100,49,22.8,7.72,55.0,36,0,2,0,2,1,1,0,0,1,0
30860274,122,65,7.6,6.86,43.0,41,1,1,0,3,0,1,0,0,1,0
30860310,143,42,6.7,4.11,21.0,19,1,2,2,5,0,0,0,1,0,1
30860391,85,30,3.8,3.11,19.0,37,1,1,0,5,0,0,0,1,0,1
30860394,87,16,2.9,1.88,11.0,47,1,2,0,8,1,1,0,0,1,0
30860430,263,77,11.4,7.77,47.0,50,-1,1,-1,2,1,0,0,1,0,1
30860444,138,56,5.8,6.61,39.0,49,0,2,0,3,2,1,0,0,1,0
30860448,35,17,7.6,1.92,10.5,82,0,2,0,0,1,1,0,0,0,1
30860449,95,14,11.6,1.69,10.0,67,0,1,0,1,1,1,0,0,0,1
30860450,29,3,3.8,0.4,1.9,67,0,1,0,1,1,1,0,0,0,1
30860450,291,85,46.0,9.11,54.5,67,0,1,0,1,0,1,0,0,0,1
30860491,193,85,0.0,12.71,87.0,46,0,1,2,4,0,0,0,1,0,1
30860495,92,49,5.7,4.41,23.0,34,1,1,0,3,0,0,0,1,0,1
30860533,146,48,15.2,4.69,28.0,38,3,1,0,4,1,0,0,1,0,1
30860533,289,103,30.4,12.67,89.0,38,3,1,0,4,1,0,0,1,0,1
30860545,122,60,3.8,6.66,42.0,55,0,2,1,4,1,0,0,1,1,0
30860546,112,33,5.7,3.37,18.3,53,0,2,1,5,1,1,0,0,0,1
30860595,100,49,3.8,4.94,30.0,69,0,1,0,0,0,0,0,1,0,1
30860603,144,53,5.7,5.32,33.5,22,0,1,0,2,0,0,0,1,1,0
30860616,426,136,22.8,17.01,116.0,65,0,1,0,1,1,0,0,1,0,1
30860644,55,23,17.0,2.24,11.0,71,0,1,0,0,1,1,0,0,0,1
30860650,327,192,0.0,37.39,283.0,70,0,1,1,2,0,1,0,0,0,1
30860667,41,21,0.0,2.06,10.0,-1,1,3,2,2,0,1,0,0,0,1
30860672,35,4,3.8,0.7,1.3,58,0,1,1,3,1,0,0,1,0,1
30860718,418,126,23.6,15.15,101.0,71,0,1,0,2,1,1,0,0,0,1
30860723,132,42,6.7,4.08,20.0,39,0,1,0,1,1,1,0,0,1,0
30860726,141,138,0.0,11.79,78.5,55,0,0,0,2,0,1,0,0,1,0
30860737,211,129,0.0,24.5,186.0,69,0,1,1,1,0,1,0,0,0,1
30860762,227,19,27.0,1.85,13.0,43,0,1,0,1,1,0,0,1,0,1
30860762,53,24,2.9,2.32,12.0,43,0,1,0,1,1,0,0,1,0,1
30860768,109,51,5.8,5.33,30.0,56,0,1,0,2,1,1,0,0,1,0
30860804,10,2,0.0,0.29,0.2,61,0,2,0,3,1,1,0,0,1,0
31320005,104,75,9.6,8.2,55.0,64,0,2,0,4,0,1,0,0,0,1
31320005,266,188,38.3,30.15,230.0,64,0,2,0,4,1,1,0,0,0,1
31320097,117,71,0.0,7.91,54.0,66,0,1,0,2,0,1,0,0,0,1
31320098,306,255,0.0,41.94,311.0,66,0,1,0,2,0,1,0,0,0,1
31320316,21,7,3.2,0.92,5.0,49,0,2,1,4,1,1,0,0,1,0
31320455,94,32,4.8,3.42,23.0,61,0,1,0,1,1,1,0,0,1,0
31320591,4,0,0.0,0.2,0.4,64,0,2,0,2,2,1,0,0,1,0
31320656,95,70,0.0,7.97,54.0,42,2,2,0,4,0,1,0,0,1,0
31320685,52,34,0.0,3.27,20.0,43,0,2,2,2,1,1,0,0,1,0
31320733,50,37,4.8,4.16,27.0,85,0,0,0,0,0,1,0,0,0,1
31320757,156,124,0.0,18.87,144.0,69,0,1,0,3,0,1,0,0,0,1
31320758,108,56,27.6,5.82,38.0,46,0,1,0,3,0,1,0,0,0,1
31320887,20,2,0.0,0.33,1.3,43,2,1,0,3,1,1,0,0,1,0
31320887,238,96,46.2,11.71,87.2,43,2,1,0,3,1,1,0,0,1,0
31320888,144,61,19.2,6.22,37.0,39,2,1,0,3,1,0,0,1,0,1
31321208,73,33,0.0,3.7,25.0,31,0,1,0,4,0,1,0,0,1,0
31321463,74,21,12.4,2.25,15.0,79,0,1,0,1,1,1,0,0,0,1
31321463,23,3,3.8,0.42,1.3,79,0,1,0,1,1,1,0,0,0,1
31321487,116,75,0.0,6.71,40.0,34,0,0,0,2,0,0,0,1,1,0
31321488,73,27,0.0,2.68,18.0,63,0,0,0,4,0,0,0,1,0,1
31321488,50,19,0.0,1.88,13.0,63,0,0,0,4,0,0,0,1,0,1
31321500,63,39,6.7,5.12,34.0,68,-1,1,-1,2,0,1,0,0,0,1
31321589,20,0,2.2,0.29,1.2,34,0,1,0,2,2,1,0,0,1,0
31321590,2,0,2.2,0.1,0.2,34,0,1,0,2,1,1,0,0,1,0
31321592,319,256,0.0,42.86,321.0,56,0,1,0,4,0,1,0,0,1,0
32710154,60,10,3.4,1.15,7.0,40,2,1,1,6,1,0,0,1,0,1
32710159,28,74,45.8,1.22,111.0,51,0,2,0,2,1,1,0,0,1,0
32710161,71,12,4.0,1.05,6.0,51,0,2,0,2,1,0,0,1,0,1
32710183,41,29,3.8,4.99,36.0,-1,-1,1,-1,6,0,0,0,1,0,1
39010058,23,17,2.4,1.73,10.0,-1,1,1,0,2,0,1,0,0,0,1
39010095,117,51,9.5,5.69,35.0,24,0,3,1,1,1,0,0,1,0,1
39010115,19,10,2.2,1.09,6.5,57,0,2,1,0,1,1,0,0,1,0
39010116,19,10,2.2,1.09,6.5,51,0,2,1,0,1,0,0,1,0,1
39020001,93,38,5.9,4.0,24.0,30,0,2,0,0,1,1,0,0,1,0
39020001,178,64,12.4,7.48,49.0,30,0,2,0,0,1,1,0,0,1,0
39020173,64,30,5.1,3.3,20.0,49,0,1,0,3,0,1,0,0,1,0
39020209,87,30,5.1,3.38,20.0,45,3,2,1,2,1,1,0,0,1,0
39020293,55,25,6.3,3.01,18.0,24,0,3,0,2,1,0,0,1,1,0
39110257,40,14,3.7,1.78,12.0,47,0,1,0,4,0,1,0,0,1,0
39110258,42,15,6.8,1.75,12.5,-1,-1,-1,-1,-1,0,0,1,0,0,1
39110281,140,100,20.5,9.74,75.0,39,0,1,0,1,0,1,0,0,1,0
39110409,43,8,2.2,0.99,6.0,66,0,2,0,2,1,1,0,0,0,1
39110423,37,13,3.7,1.71,12.0,77,0,1,0,1,1,1,0,0,0,1
39110438,141,85,0.0,10.07,82.0,57,1,2,2,4,0,1,0,0,1,0
39110449,72,63,0.0,8.17,64.0,19,0,2,2,4,0,0,0,1,0,1
39110450,16,6,2.2,0.64,3.5,43,0,2,2,4,0,0,0,1,0,1
39110459,190,43,0.0,5.02,41.0,58,0,2,0,5,0,0,0,1,1,0
39110459,133,147,0.0,27.16,212.0,58,0,2,0,5,0,0,0,1,1,0
39110459,81,15,0.0,1.89,13.0,58,0,2,0,5,1,0,0,1,1,0
39110459,44,10,0.0,1.16,8.0,58,0,2,0,5,1,0,0,1,1,0
39110471,39,14,3.7,1.82,12.0,51,0,2,2,4,0,1,0,0,1,0
39110675,17,1,2.2,0.16,0.7,41,3,1,0,5,1,1,0,0,1,0
39110675,28,15,3.8,1.73,14.0,41,3,1,0,5,1,1,0,0,1,0
39110676,84,31,3.4,3.38,24.0,-1,-1,-1,-1,-1,1,0,1,0,0,1
39110781,65,15,7.4,1.85,12.0,47,0,1,1,1,1,1,0,0,1,0
39110815,101,28,7.2,3.45,24.0,56,0,1,1,4,0,1,0,0,1,0
39110816,228,299,0.0,54.84,428.5,24,0,1,1,3,0,0,0,1,0,1
39110969,22,9,2.2,0.96,6.5,38,2,1,1,4,0,0,0,1,0,1
39110970,53,21,4.0,2.35,15.5,38,2,1,1,4,0,0,0,1,0,1
39111246,50,22,3.7,2.52,17.5,74,0,0,0,0,0,0,0,1,0,1
39111287,176,51,10.0,6.92,39.5,40,0,1,0,1,1,0,0,1,1,0
39111325,42,19,3.4,2.11,14.5,40,2,1,-1,3,0,0,0,1,0,1
39111325,46,19,3.4,2.11,14.5,40,2,1,-1,3,0,0,0,1,0,1
39111360,36,18,4.0,1.95,8.0,38,2,1,0,3,0,1,0,0,1,0
39111360,56,18,2.2,1.95,8.0,38,2,1,0,3,0,1,0,0,1,0
39120015,110,31,15.4,3.85,27.0,32,2,2,1,4,1,0,0,1,0,1
39120016,67,23,8.0,2.54,17.5,40,2,2,1,4,1,1,0,0,1,0
39120150,37,12,2.2,1.29,9.0,53,0,2,0,1,0,0,0,1,0,1
39120150,60,12,4.0,1.58,11.0,53,0,2,0,1,0,0,0,1,0,1
39120197,27,11,0.0,1.22,8.5,17,0,2,4,5,0,1,0,0,0,1
39120198,477,482,230.0,66.79,493.5,19,0,2,4,5,0,1,0,0,0,1
39120246,99,35,3.7,3.71,23.5,36,4,1,0,6,1,0,0,1,0,1
39120250,107,14,5.7,1.55,10.6,76,0,1,0,0,1,1,0,0,0,1
39120424,52,20,4.0,2.26,16.0,46,1,1,2,2,0,0,0,1,0,1
39120435,14,3,2.2,0.33,1.8,88,0,0,0,0,0,1,0,0,0,1
39120436,67,22,4.0,2.45,17.0,88,0,0,0,0,0,1,0,0,0,1
39120457,269,328,56.4,58.39,438.5,56,0,2,0,3,0,0,0,1,0,1
39120458,120,29,6.0,3.65,24.0,58,0,2,0,2,1,1,0,0,1,0
39120497,144,132,24.0,21.41,163.0,63,-1,1,0,4,0,0,0,1,0,1
39120509,120,36,0.0,5.16,30.0,52,0,2,1,2,1,1,0,0,1,0
39120519,66,14,0.0,1.85,13.0,45,1,1,0,3,0,1,0,0,1,0
39120519,24,10,0.0,1.13,8.0,45,1,1,0,3,1,1,0,0,1,0
39120559,30,10,2.2,1.12,8.0,41,0,1,0,1,0,1,0,0,1,0
39120999,86,24,3.5,2.65,19.0,40,3,1,1,5,1,0,0,1,0,1
42270003,98,40,10.6,5.36,26.0,-1,-1,-1,-1,-1,1,0,1,0,0,1
42270007,108,80,7.4,9.39,63.0,56,0,1,0,0,0,0,0,1,1,0
42270121,64,34,3.7,4.11,28.0,63,0,1,0,3,0,1,0,0,1,0
42270163,124,62,10.6,6.22,38.0,38,0,1,0,0,1,1,0,0,1,0
42270192,18,3,2.2,0.39,1.8,62,1,2,0,4,1,1,0,0,0,1
42270209,275,116,43.2,18.59,137.0,54,0,1,0,2,1,1,0,0,1,0
42270214,134,70,0.0,7.94,54.0,22,0,3,0,3,0,1,0,0,0,1
42270214,47,35,0.0,4.06,27.0,22,0,3,0,3,0,1,0,0,0,1
42270251,90,69,7.4,7.95,54.0,55,-1,-1,-1,1,0,0,0,1,0,1
42270264,219,139,29.6,15.09,101.0,57,0,2,0,0,0,0,0,1,0,1
42270323,161,55,7.1,5.85,30.0,44,1,2,0,4,1,1,0,0,1,0
42270323,160,66,10.4,6.92,37.5,44,1,2,0,4,1,1,0,0,1,0
42270350,79,22,2.2,2.29,12.0,41,0,1,1,2,1,0,0,1,1,0
42270350,76,22,2.7,2.29,12.0,41,0,1,1,2,1,0,0,1,1,0
42270623,64,20,3.2,2.03,11.0,46,2,2,0,4,1,1,0,0,1,0
42270623,74,20,3.2,2.03,11.0,46,2,2,0,4,1,1,0,0,1,0
42270631,31,6,2.2,0.6,2.8,56,0,1,3,6,2,1,0,0,1,0
42270631,55,18,4.3,2.01,11.4,56,0,1,3,6,1,1,0,0,1,0
42270632,31,6,6.4,0.6,2.8,-1,0,1,3,6,2,0,1,0,0,1
42270632,31,5,6.4,0.57,3.1,-1,0,1,3,6,2,0,1,0,0,1
42270747,214,134,16.6,11.22,67.0,42,0,1,0,1,0,0,0,1,1,0
42270851,91,21,3.2,2.29,12.8,33,0,1,2,3,1,0,0,1,0,1
42270878,54,30,0.0,3.37,24.0,38,2,1,0,1,1,1,0,0,1,0
42270907,211,72,36.6,7.77,52.0,34,3,2,0,5,1,1,0,0,1,0
42270907,16,3,0.0,0.32,1.6,34,3,2,0,5,1,1,0,0,1,0
42270908,10,2,0.0,0.29,1.2,32,3,2,0,5,1,0,0,1,0,1
42270912,83,20,3.2,2.05,12.0,40,2,3,-1,2,1,0,0,1,0,1
42270974,130,70,0.0,8.37,54.0,44,2,1,0,4,0,1,0,0,1,0
42271066,53,40,2.55,4.44,28.0,53,0,1,0,1,1,0,0,1,1,0
42271067,98,22,5.4,2.52,14.0,42,1,1,0,2,1,0,0,1,0,1
42271092,96,72,0.0,8.13,53.0,43,0,2,4,2,0,0,0,1,0,1
42271140,111,98,28.2,9.46,61.9,25,1,1,0,1,0,0,0,1,0,1
42271144,54,18,3.2,1.89,11.0,61,0,0,0,0,0,0,0,1,0,1
42271162,108,52,10.4,5.36,35.0,68,0,0,0,0,0,0,0,1,0,1
42271192,162,66,12.5,7.81,53.0,41,2,1,0,6,0,1,0,0,1,0
42271243,194,77,0.0,10.23,74.0,44,2,2,1,4,0,1,0,0,1,0
42271271,10,0,0.0,0.11,0.8,62,0,1,1,2,2,1,0,0,1,0
42271271,16,16,0.0,0.0,1.6,62,0,1,1,2,1,1,0,0,1,0
42271272,13,4,2.2,0.5,2.5,62,0,1,1,2,1,0,0,1,0,1
42271337,254,167,0.0,27.87,207.0,68,0,1,0,1,0,1,0,0,0,1
42271394,144,68,25.0,7.91,54.0,46,0,2,1,2,1,1,0,0,0,1
42271422,113,50,23.4,5.2,34.0,35,1,2,0,2,1,1,0,0,1,0
42271423,147,78,8.5,8.97,56.5,84,0,1,0,2,0,1,0,0,0,1
42280033,3,1,2.2,0.07,0.4,76,0,1,0,1,1,1,0,0,0,1
42280033,19,7,2.2,0.64,4.0,76,0,1,0,1,1,1,0,0,0,1
42280033,19,7,2.2,0.67,4.5,76,0,1,0,1,1,1,0,0,0,1
42280034,24,7,2.2,0.67,4.5,76,0,1,0,1,1,1,0,0,0,1
42280034,4,1,2.2,0.07,0.35,76,0,1,0,1,1,1,0,0,0,1
42280034,4,1,2.2,0.1,0.5,76,0,1,0,1,1,1,0,0,0,1
42280110,33,14,7.6,1.35,8.0,21,0,1,1,3,1,1,0,0,0,1
42280200,42,41,11.0,4.51,30.0,40,1,2,0,3,1,0,0,1,1,0
42280200,35,9,5.0,0.9,6.0,40,1,2,0,3,1,0,0,1,1,0
42280200,8,7,3.8,0.64,4.0,40,1,2,0,3,1,0,0,1,1,0
42280217,68,42,5.5,4.69,30.0,67,0,1,0,0,1,0,0,1,0,1
42280258,17,7,3.8,0.64,4.0,78,0,1,0,0,0,1,0,0,0,1
42280346,45,20,0.0,1.91,11.5,70,0,0,0,0,0,0,0,1,0,1
42280369,181,92,11.7,11.01,71.0,35,2,0,0,3,0,0,0,1,0,1
42280370,205,90,13.45,10.25,65.0,35,2,0,0,3,0,0,0,1,0,1
42280523,127,62,22.0,6.96,47.0,47,0,2,0,1,1,1,0,0,1,0
42280540,71,26,0.0,2.64,15.0,16,2,1,1,5,0,0,0,1,0,1
42280540,73,26,0.0,2.64,15.0,16,2,1,1,5,0,0,0,1,0,1
42280588,173,77,9.0,7.54,48.0,52,0,1,0,7,0,0,0,1,1,0
42280650,126,68,0.0,4.54,51.0,40,3,1,1,6,0,1,0,0,0,1
42280695,70,41,5.5,4.6,30.0,39,-1,-1,-1,3,0,1,0,0,0,1
42340021,130,39,11.6,4.1,23.2,38,2,2,3,5,2,0,0,1,0,1
42340104,28,9,4.0,0.96,5.5,49,-1,2,0,1,1,0,0,1,0,1
42340125,148,66,13.3,7.71,54.0,60,0,1,0,1,1,1,0,0,1,0
42340129,29,9,8.8,0.9,5.5,54,1,1,0,3,1,1,0,0,1,0
42340129,54,16,8.8,1.5,9.5,54,1,1,0,3,1,1,0,0,1,0
42340130,56,18,17.6,1.81,11.0,54,1,1,0,3,1,1,0,0,1,0
42340159,12,1,2.2,0.16,1.0,44,0,1,3,2,1,0,0,1,0,1
42340159,72,6,8.0,0.69,4.5,44,0,1,3,2,1,0,0,1,0,1
42340221,68,30,0.0,3.34,23.0,47,0,3,1,4,1,1,0,0,1,0
42340325,177,53,10.0,5.3,33.5,60,0,1,0,1,1,1,0,0,1,0
42340423,203,87,0.0,10.52,68.0,53,0,1,0,1,0,1,0,0,1,0
44630038,106,40,8.0,3.78,22.0,39,2,2,0,4,1,0,0,1,0,1
44630160,147,50,10.0,7.17,50.0,69,0,1,0,0,0,1,0,0,0,1
44630160,98,20,3.2,2.06,11.0,69,0,1,0,0,1,1,0,0,0,1
44630231,206,119,0.0,20.26,148.0,40,0,0,0,0,0,0,0,1,1,0
44630329,10,5,0.0,0.52,2.5,54,0,2,0,1,1,1,0,0,1,0
44630329,35,14,4.0,1.42,7.5,54,0,2,0,1,1,1,0,0,1,0
44630344,100,50,11.4,5.75,37.0,49,2,1,2,5,1,1,0,0,1,0
44630344,82,22,7.6,2.21,13.0,49,2,1,2,5,1,1,0,0,1,0
44630344,54,18,4.0,1.73,9.5,49,2,1,2,5,0,1,0,0,1,0
44630393,48,17,7.4,1.98,13.0,48,0,1,1,2,1,0,0,1,0,1
44630394,48,17,7.4,1.98,13.0,48,0,1,1,2,1,0,0,1,0,1
44630465,181,93,15.8,14.72,109.0,51,2,2,0,4,1,1,0,0,1,0
44630507,194,63,17.4,8.56,60.0,52,0,2,0,1,1,1,0,0,1,0
44630513,94,28,16.4,3.24,16.2,64,0,1,0,1,1,0,0,1,0,1
44630670,172,52,8.8,6.42,43.0,45,2,3,1,2,1,0,0,1,0,1
44630671,158,52,17.6,6.42,43.0,50,2,3,1,2,1,1,0,0,1,0
44640016,48,30,0.0,2.95,16.0,19,0,2,0,2,0,1,0,0,0,1
44640053,27,11,5.0,1.12,6.5,41,2,2,0,4,1,1,0,0,1,0
44640073,71,42,5.9,6.98,52.0,52,-1,-1,-1,1,0,0,0,1,0,1
44640117,123,44,9.6,6.61,46.0,60,0,4,0,4,0,1,0,0,1,0
44640256,81,41,0.0,6.08,42.0,54,-1,1,1,-1,0,1,0,0,1,0
44640310,29,2,2.6,0.49,1.0,60,0,1,0,3,2,1,0,0,1,0
44640315,76,26,13.4,3.8,25.5,52,1,2,1,4,1,0,0,1,0,1
44640315,271,308,62.0,55.11,419.0,52,1,2,1,4,1,0,0,1,0,1
44640316,87,45,0.0,7.11,51.0,17,1,3,1,4,0,0,0,1,0,1
44640345,71,26,9.6,3.53,23.0,-1,-1,-1,-1,-1,0,0,1,0,0,1
44640349,55,26,5.0,2.54,14.5,30,0,2,0,3,0,0,0,1,0,1
44640349,73,23,4.8,3.41,24.0,30,0,2,0,3,0,0,0,1,0,1
44640350,114,40,9.6,6.15,42.0,19,0,2,0,3,0,0,0,1,0,1
44640369,246,107,56.0,19.0,135.0,-1,-1,-1,-1,-1,0,0,1,0,0,1
44640455,131,40,19.2,5.85,42.0,-1,-1,-1,-1,-1,0,0,1,0,0,1
44640456,79,40,7.0,6.08,44.0,57,0,1,0,2,0,0,0,1,0,1
44640456,123,84,21.8,16.77,128.0,57,0,1,0,2,0,0,0,1,0,1
44640508,253,80,28.2,10.56,74.5,32,1,1,0,5,1,0,0,1,0,1
44640515,63,25,5.0,2.48,15.0,54,-1,2,-1,4,1,1,0,0,0,1
44640542,358,120,57.0,15.48,114.0,54,0,1,0,0,1,1,0,0,1,0
44640637,91,46,19.4,8.3,63.0,44,0,1,0,0,1,0,0,1,1,0
44640655,358,178,43.1,30.74,223.0,54,0,1,1,1,1,1,0,0,1,0
44640690,120,48,9.6,6.82,46.0,72,0,1,0,1,0,0,0,1,0,1
44670012,265,78,33.8,10.06,73.0,47,1,2,-1,4,1,1,0,0,1,0
44670067,27,12,2.2,1.4,7.5,61,0,1,0,2,1,0,0,1,0,1
44670080,91,46,0.0,5.06,32.0,62,0,1,0,2,0,1,0,0,1,0
44670195,22,8,2.2,0.9,5.5,79,0,1,0,0,0,1,0,0,0,1
44670196,46,26,4.8,2.88,19.0,79,0,1,0,0,0,1,0,0,0,1
44670197,144,43,19.2,6.51,47.0,-1,-1,-1,-1,-1,1,0,1,0,0,1
44670291,209,54,24.4,7.08,50.5,43,1,2,0,3,1,0,0,1,0,1
44670292,181,46,12.4,4.61,32.0,42,1,2,0,4,1,1,0,0,1,0
44670378,130,70,0.0,9.5,65.0,37,0,1,0,3,0,1,0,0,0,1
44670387,38,22,4.2,2.39,16.0,43,0,2,0,3,1,0,0,1,1,0
44670437,42,22,4.6,2.46,16.0,56,0,1,0,2,0,0,0,1,0,1
44670441,64,36,6.45,5.07,36.0,52,-1,1,-1,3,0,0,0,1,0,1
44670441,15,8,2.2,0.85,5.5,52,-1,1,-1,3,0,0,0,1,0,1
44670522,25,6,2.2,0.59,4.0,62,0,2,0,1,1,1,0,0,1,0
44690019,134,34,10.6,3.3,22.0,-1,-1,-1,-1,-1,1,0,1,0,0,1
44690020,107,16,16.6,1.69,12.0,-1,-1,-1,-1,-1,1,0,1,0,0,1
44690020,38,13,5.3,1.3,8.5,-1,-1,-1,-1,-1,1,0,1,0,0,1
44690020,14,10,4.0,1.09,7.0,-1,-1,-1,-1,-1,1,0,1,0,0,1
44690034,85,58,7.4,6.29,40.0,-1,1,1,0,3,0,0,0,1,0,1
44690034,62,18,4.0,1.83,13.0,-1,1,1,0,3,0,0,0,1,0,1
44690050,44,24,10.6,2.38,16.0,50,1,3,0,3,1,1,0,0,1,0
44690050,29,10,8.0,1.18,8.0,50,1,3,0,3,1,1,0,0,1,0
44690111,111,94,18.0,12.64,65.5,81,0,1,0,2,0,1,0,0,0,1
44690187,322,98,31.6,10.27,75.0,42,0,2,0,2,1,1,0,0,1,0
44690188,316,85,31.6,9.0,65.0,33,0,2,0,2,1,0,0,1,0,1
44690328,233,50,22.5,5.16,32.7,65,0,2,0,2,1,0,0,1,0,1
44692020,142,34,28.8,3.5,24.0,26,1,1,0,2,1,0,0,1,0,1
47120013,93,1,2.2,0.2,0.7,52,0,2,0,5,2,1,0,0,1,0
47120030,85,25,23.0,3.87,28.0,55,0,3,0,0,1,0,0,1,1,0
47120030,108,44,21.8,6.38,46.0,55,0,3,0,0,1,0,0,1,1,0
47120321,94,55,0.0,7.31,54.2,36,0,2,0,3,1,1,0,0,0,1
47120322,53,27,5.1,3.8,27.0,27,0,2,0,3,1,0,0,1,0,1
47120322,7,7,2.2,0.0,0.7,27,0,2,0,3,2,0,0,1,0,1
47120376,449,98,21.2,15.29,112.5,21,0,3,0,4,1,0,0,1,0,1
47120432,81,27,0.0,4.06,29.0,-1,1,2,0,5,0,1,0,0,0,1
47120490,181,52,15.8,6.88,51.5,49,0,2,1,5,1,1,0,0,1,0
47120549,201,40,7.5,4.92,33.5,54,0,2,0,4,1,0,0,1,0,1
47120587,147,52,11.6,7.57,55.0,53,1,0,0,2,0,1,0,0,1,0
47120604,2,3,0.0,0.3,1.3,64,0,1,1,1,1,1,0,0,0,1
47120623,30,30,0.0,0.0,3.0,50,0,2,0,4,2,1,0,0,1,0
47120643,69,16,7.6,1.68,12.0,60,0,2,1,3,1,1,0,0,1,0
47120643,69,16,7.6,1.69,12.0,60,0,2,1,3,1,1,0,0,1,0
47120644,65,14,7.6,1.49,9.0,56,0,2,1,3,1,0,0,1,0,1
47120644,65,271,7.6,58.91,443.0,56,0,2,1,3,1,0,0,1,0,1
47120644,2,2,0.0,0.34,1.4,56,0,2,1,3,1,0,0,1,0,1
47120762,95,35,2.8,6.2,48.0,68,0,1,1,2,1,0,0,1,0,1
47120768,2,2,0.0,0.39,1.7,69,0,2,0,2,1,1,0,0,0,1
47120775,153,62,13.0,7.75,53.5,27,0,1,1,1,1,0,0,1,1,0
47120849,2,1,0.0,0.16,0.5,43,1,1,0,2,2,0,0,1,0,1
47120849,80,25,7.6,3.88,28.0,43,1,1,0,2,1,0,0,1,0,1
47120849,27,5,2.8,0.56,3.0,43,1,1,0,2,1,0,0,1,0,1
47120871,185,51,0.0,5.75,42.0,39,2,2,0,8,0,1,0,0,1,0
47120872,106,51,0.0,7.14,51.0,39,2,2,0,8,0,1,0,0,1,0
47120923,115,24,2.8,2.48,17.0,62,0,1,0,1,1,0,0,1,1,0
47120924,115,24,2.8,2.48,17.0,62,0,1,0,1,2,0,0,1,1,0
47120924,92,24,2.8,2.48,17.0,62,0,1,0,1,1,0,0,1,1,0
47120924,489,49,9.6,7.48,55.0,62,0,1,0,1,1,0,0,1,1,0
47120931,144,34,2.8,4.66,34.0,38,2,2,0,4,1,1,0,0,1,0
47120931,130,53,5.1,7.42,53.0,38,2,2,0,4,1,1,0,0,1,0
47120932,160,34,2.8,4.66,34.0,38,2,2,0,4,1,1,0,0,1,0
47120939,59,10,2.8,1.0,7.0,36,1,1,0,4,1,1,0,0,1,0
47121116,43,10,2.8,1.07,6.0,58,-1,2,1,2,1,1,0,0,1,0
47122013,2,1,2.2,0.23,0.6,42,3,1,-1,6,2,0,0,1,0,1
47122013,10,1,2.2,0.11,0.5,42,3,1,-1,6,2,0,0,1,0,1
47130034,222,105,0.0,15.59,114.7,20,0,1,0,7,0,1,0,0,0,1
47130066,54,22,2.2,2.44,18.5,40,2,1,0,6,1,1,0,0,1,0
47130066,82,28,3.8,3.51,26.4,40,2,1,0,6,1,1,0,0,1,0
47130281,30,8,2.2,0.89,5.5,55,0,3,0,2,1,0,0,1,0,1
47130281,70,27,5.1,3.31,25.0,55,0,3,0,2,1,0,0,1,0,1
47130286,15,1,2.2,0.16,0.4,60,0,1,0,1,1,1,0,0,1,0
47130332,208,92,0.0,15.75,119.0,72,0,3,0,4,0,1,0,0,0,1
47130345,89,42,5.1,5.43,40.0,19,1,2,0,2,1,0,0,1,1,0
47130345,85,20,2.8,2.12,14.0,19,1,2,0,2,1,0,0,1,1,0
47130387,381,202,105.2,41.5,320.0,68,0,1,0,0,0,1,0,0,0,1
47130387,65,29,7.6,4.28,32.0,68,0,1,0,0,0,1,0,0,0,1
47130441,116,27,4.4,3.1,19.9,-1,-1,-1,-1,-1,1,0,1,0,0,1
47130442,18,2,2.2,0.36,1.2,37,0,1,0,1,2,0,0,1,1,0
47130533,204,54,15.0,5.39,36.0,32,0,3,1,5,1,1,0,0,1,0
47130611,5,2,2.2,0.6,0.5,44,2,2,0,7,1,1,0,0,1,0
47130611,54,18,2.8,2.12,13.0,44,2,2,0,7,1,1,0,0,1,0
47130685,233,89,53.4,15.59,118.0,72,0,1,0,2,1,1,0,0,0,1
47130823,433,220,53.3,40.04,307.0,73,0,1,0,1,1,0,0,1,0,1
50260039,29,16,3.1,1.65,10.0,47,0,1,0,0,0,0,0,1,0,1
50260077,85,25,5.3,3.97,29.0,72,0,1,0,3,1,1,0,0,0,1
50260087,73,32,6.2,3.42,21.0,54,0,1,1,2,0,0,0,1,0,1
50260166,192,87,49.8,14.34,106.0,53,1,2,1,3,1,1,0,0,1,0
50260181,177,64,0.0,10.49,75.5,53,0,1,0,3,0,1,0,0,1,0
50260275,96,27,4.4,2.98,19.0,53,-1,3,-1,2,1,0,0,1,0,1
50270016,172,93,20.5,16.82,119.0,76,0,1,0,0,1,1,0,0,0,1
50270151,51,15,4.0,1.73,11.5,54,1,1,0,3,0,1,0,0,1,0
50270166,33,6,4.0,0.69,5.0,-1,-1,-1,-1,-1,1,0,1,0,0,1
50270194,186,99,13.0,16.18,125.0,40,0,1,0,4,0,1,0,0,1,0
50270271,104,28,16.9,3.01,19.0,54,0,1,0,1,1,1,0,0,0,1
50270317,19,8,2.2,0.89,6.0,46,0,2,0,2,1,1,0,0,1,0
50270408,66,17,11.4,1.72,13.0,70,0,2,1,1,0,1,0,0,0,1
50270426,96,16,9.6,2.52,19.5,38,0,2,1,2,1,1,0,0,1,0
50270426,124,24,14.8,2.62,14.0,38,0,2,1,2,1,1,0,0,1,0
50270436,52,15,0.0,1.71,11.5,42,2,2,0,5,1,1,0,0,1,0
50270436,48,12,0.0,1.63,10.0,42,2,2,0,5,1,1,0,0,1,0
50270436,50,11,0.0,1.62,10.0,42,2,2,0,5,1,1,0,0,1,0
50270439,183,47,25.4,8.48,64.5,33,1,2,0,5,1,0,0,1,0,1
50270475,174,48,17.6,7.85,58.0,59,0,1,0,2,1,1,0,0,1,0
50270477,264,151,0.0,30.39,231.0,35,1,0,0,10,0,0,0,1,0,1
50270478,268,151,0.0,30.39,231.0,39,1,0,0,10,0,1,0,0,0,1
50270502,127,84,0.0,13.87,103.0,63,0,3,1,2,0,0,0,1,1,0
50270516,204,136,0.0,29.12,228.0,41,0,1,0,1,1,1,0,0,1,0
50270601,277,98,47.7,14.33,101.5,32,0,1,0,1,1,0,0,1,1,0
50270601,132,0,14.8,0.09,0.2,32,0,1,0,1,1,0,0,1,1,0
50270611,265,74,44.8,11.98,90.0,38,0,2,2,2,1,0,0,1,0,1
50270631,81,19,4.0,2.01,14.5,65,0,1,0,1,1,1,0,0,0,1
50270638,67,16,9.3,2.14,15.5,61,0,1,0,2,1,1,0,0,1,0
50270639,94,46,0.0,4.7,31.0,50,0,1,0,3,0,1,0,0,1,0
50270844,229,63,27.5,9.23,64.5,84,0,2,0,0,1,1,0,0,0,1
50760043,127,41,0.0,4.46,30.0,61,0,1,1,2,0,1,0,0,1,0
50760054,18,3,2.2,0.59,2.5,70,0,1,0,3,2,1,0,0,0,1
50760086,54,19,10.4,2.74,20.0,51,0,2,0,3,1,1,0,0,1,0
50760116,174,50,40.6,8.91,69.0,39,0,2,0,0,1,0,0,1,1,0
50760131,45,16,10.6,1.73,12.0,50,0,2,1,0,1,1,0,0,1,0
50760131,146,49,29.2,8.67,64.0,50,0,2,1,0,1,1,0,0,1,0
50760137,334,75,47.6,11.85,86.0,38,3,2,0,5,1,0,0,1,1,0
50760209,143,37,8.8,4.77,35.0,32,0,1,0,2,1,0,0,1,1,0
50760209,129,38,9.6,4.06,32.0,32,0,1,0,2,1,0,0,1,1,0
50760210,119,36,8.8,4.6,35.0,32,0,1,0,2,1,0,0,1,1,0
50760210,605,301,88.2,53.78,395.0,32,0,1,0,2,1,0,0,1,1,0
50760299,320,129,74.4,22.97,179.0,32,1,1,0,1,0,1,0,0,1,0
50760337,240,72,44.2,14.04,107.0,34,0,1,0,1,1,0,0,1,1,0
50760337,141,24,18.8,2.38,15.0,34,0,1,0,1,1,0,0,1,1,0
50760358,85,26,5.2,2.95,17.5,-1,0,2,2,4,0,0,0,1,0,1
50760358,131,51,12.8,7.42,54.5,-1,0,2,2,4,1,0,0,1,0,1
50760394,213,203,0.0,30.72,227.0,48,0,1,2,3,0,1,0,0,1,0
50760421,28,13,3.5,1.42,10.0,53,0,0,0,1,0,0,0,1,1,0
50760429,107,45,11.0,8.4,65.0,49,0,1,0,5,1,1,0,0,1,0
50760447,184,67,0.0,11.91,87.0,56,0,0,0,1,0,1,0,0,1,0
50760453,200,70,19.0,8.24,54.2,39,1,2,0,3,1,0,0,1,0,1
50780013,142,72,0.0,12.48,93.0,53,0,2,1,1,0,1,0,0,1,0
50780056,45,14,5.0,2.18,17.0,64,0,2,1,3,1,0,0,1,0,1
50780056,32,12,3.8,1.35,9.0,64,0,2,1,3,1,0,0,1,0,1
50780087,154,57,0.0,10.32,76.0,60,0,1,0,3,0,0,0,1,0,1
50780088,146,82,19.4,10.95,80.0,58,0,1,0,3,0,1,0,0,1,0
50780314,60,17,3.5,2.09,15.0,61,0,3,1,3,1,1,0,0,1,0
50780403,228,149,32.0,31.1,242.0,48,0,2,0,2,1,0,0,1,1,0
50780405,202,130,0.0,27.14,211.0,60,1,1,1,3,0,1,0,0,1,0
52720041,64,13,9.6,1.29,9.5,35,2,2,1,4,1,1,0,0,1,0
52720054,138,61,29.6,6.68,48.0,-1,-1,-1,-1,-1,1,0,1,0,0,1
52720109,69,13,4.5,1.29,9.5,67,0,2,0,3,1,1,0,0,0,1
52720109,42,11,2.5,1.16,9.5,67,0,2,0,3,1,1,0,0,0,1
52720141,62,59,7.3,7.14,52.0,50,0,1,0,3,1,0,0,1,0,1
52720183,16,5,2.2,0.49,3.5,31,2,2,1,4,1,0,0,1,0,1
52720287,97,42,4.4,4.5,38.0,59,0,1,0,2,0,1,0,0,1,0
52720334,3,0,0.0,0.04,0.3,76,-1,1,1,1,0,0,0,1,0,1
52720371,345,99,43.6,12.07,91.0,44,0,1,0,2,1,1,0,0,1,0
52720431,217,79,12.4,11.34,87.0,53,0,2,0,3,1,1,0,0,1,0
52720432,127,57,13.1,5.76,40.0,49,0,2,0,3,1,0,0,1,0,1
52720511,168,76,26.4,11.22,87.0,37,0,2,1,3,1,1,0,0,1,0
52720539,118,26,19.8,2.58,19.0,60,-1,2,3,2,1,1,0,0,0,1
52720539,118,26,21.4,2.58,19.0,60,-1,2,3,2,1,1,0,0,0,1
52720540,156,59,15.0,6.0,44.0,60,-1,2,3,2,1,0,0,1,0,1
52720549,140,69,27.6,8.21,61.0,62,0,2,1,1,1,1,0,0,1,0
52720563,404,121,29.0,14.57,106.0,44,1,2,1,7,1,1,0,0,1,0
52720639,67,22,0.0,2.35,19.0,21,0,1,2,4,0,1,0,0,1,0
52720644,81,54,23.2,5.45,38.0,-1,-1,3,-1,4,0,0,1,0,0,1
52720665,118,56,0.0,5.7,39.0,25,-1,3,1,8,0,0,0,1,1,0
52730004,250,88,19.6,11.18,73.3,55,0,4,0,4,1,1,0,0,1,0
52730183,99,29,13.8,3.11,23.5,49,0,3,2,5,1,1,0,0,1,0
53060150,60,67,3.8,9.1,72.0,56,1,2,0,5,1,1,0,0,1,0
53060150,72,116,3.8,16.28,130.0,56,1,2,0,5,1,1,0,0,1,0
53060177,104,44,5.6,4.43,31.0,40,0,2,1,2,1,0,0,1,1,0
53060178,42,18,7.6,1.79,13.0,-1,-1,-1,-1,-1,1,0,1,0,0,1
53060213,55,20,7.6,2.09,14.5,55,0,2,1,2,1,0,0,1,0,1
53060214,125,12,7.6,1.32,8.0,-1,-1,-1,-1,-1,1,0,1,0,0,1
53060305,15,6,2.2,0.63,4.0,57,0,0,0,1,0,0,0,1,0,1
53060380,121,52,5.6,5.19,34.0,60,0,1,0,2,0,0,0,1,0,1
53060380,80,40,5.6,3.98,28.0,60,0,1,0,2,0,0,0,1,0,1
53060385,38,14,7.6,1.75,11.0,35,0,1,1,1,1,0,0,1,1,0
53060385,447,217,111.3,32.03,239.4,35,0,1,1,1,1,0,0,1,1,0
53060419,49,7,2.2,0.87,5.5,57,0,2,0,5,1,1,0,0,1,0
53060420,200,116,0.0,17.05,128.0,18,0,2,0,5,0,0,0,1,0,1
53060657,128,59,5.6,6.69,49.0,46,2,1,0,4,0,0,0,1,0,1
53060715,39,19,2.8,2.06,15.0,37,1,1,1,3,0,1,0,0,1,0
53060716,73,49,0.0,5.9,41.0,35,1,1,1,3,0,0,0,1,0,1
53060716,588,107,0.0,16.47,120.0,35,1,1,1,3,0,0,0,1,0,1
53060722,74,43,9.6,5.27,37.0,39,2,2,0,3,0,0,0,1,0,1
54200016,68,23,4.9,2.68,20.1,34,0,1,0,4,1,0,0,1,1,0
54200016,168,74,12.9,11.18,74.0,34,0,1,0,4,1,0,0,1,1,0
54200057,62,22,0.0,2.18,13.5,43,3,1,1,5,0,1,0,0,1,0
54200058,169,62,34.8,9.3,66.0,48,3,1,1,5,1,0,0,1,0,1
54200069,128,48,77.8,5.59,35.0,41,2,2,0,5,1,0,0,1,0,1
54200070,322,142,42.2,25.31,206.0,41,2,2,0,4,1,1,0,0,1,0
54200085,31,11,2.2,1.06,6.0,37,0,2,0,4,1,1,0,0,1,0
54200162,53,18,3.8,1.91,10.0,53,0,1,0,3,2,1,0,0,0,1
54200167,71,23,0.0,2.22,12.5,50,0,0,0,3,0,1,0,0,1,0
54200168,172,88,0.0,10.66,65.0,43,0,0,0,3,0,0,0,1,0,1
54200183,81,30,0.0,2.91,16.0,-1,-1,1,-1,1,0,0,0,1,1,0
54200227,48,39,0.0,5.72,42.0,57,0,1,0,3,0,0,0,1,0,1
54200227,33,21,0.0,2.03,11.5,57,0,1,0,3,0,0,0,1,0,1
54200301,169,73,30.2,9.14,60.0,45,2,2,-1,3,1,1,0,0,1,0
54200302,169,73,30.2,9.14,60.0,38,2,2,-1,3,1,0,0,1,0,1
54200327,22,11,3.8,1.02,5.5,52,0,1,1,1,1,0,0,1,0,1
54200327,12,2,2.2,0.26,1.0,52,0,1,1,1,1,0,0,1,0,1
54200335,170,79,0.0,11.61,77.0,40,0,1,0,8,0,0,0,1,1,0
54200336,54,23,0.0,2.21,11.8,40,0,1,0,8,0,0,0,1,1,0
54200341,39,21,7.6,2.08,11.5,-1,-1,-1,-1,-1,0,0,1,0,0,1
54200341,82,36,11.2,3.67,28.0,-1,-1,-1,-1,-1,1,0,1,0,0,1
54200342,52,24,0.0,2.31,12.5,67,-1,1,-1,3,0,0,0,1,0,1
54200342,82,36,0.0,3.67,28.0,67,-1,1,-1,3,1,0,0,1,0,1
54200407,89,34,3.8,3.21,16.0,58,0,2,0,2,1,0,0,1,0,1
54200408,10,0,2.2,0.32,0.7,57,0,2,0,2,2,1,0,0,1,0
54200478,29,10,2.2,1.02,5.5,39,2,1,1,4,1,1,0,0,1,0
54200489,44,4,7.8,0.79,3.3,41,2,1,1,4,1,0,0,1,0,1
54200489,111,28,11.2,2.98,21.0,41,2,1,1,4,1,0,0,1,0,1
54200622,46,24,3.8,2.38,12.3,63,0,1,0,4,0,0,0,1,0,1
54200661,155,53,14.0,6.59,52.0,34,1,2,1,2,1,0,0,1,0,1
54200661,53,8,2.8,0.92,6.0,34,1,2,1,2,1,0,0,1,0,1
54200662,137,76,0.0,9.29,67.0,38,1,2,1,2,1,1,0,0,1,0
54200675,127,62,13.7,8.05,54.0,41,1,1,0,4,0,1,0,0,1,0
54200749,206,111,30.5,19.69,144.5,43,0,1,0,1,1,0,0,1,1,0
54200766,111,62,25.8,7.97,57.5,-1,-1,-1,-1,-1,0,0,1,0,0,1
54200781,133,68,13.3,8.24,54.5,21,0,1,0,2,0,0,0,1,1,0
54200781,54,6,2.8,0.95,5.0,21,0,1,0,2,1,0,0,1,1,0
54200875,23,10,3.8,1.02,5.5,68,0,2,0,2,1,1,0,0,0,1
54200875,47,16,3.8,1.58,8.5,68,0,2,0,2,1,1,0,0,0,1
54200875,25,12,3.8,1.25,7.0,68,0,2,0,2,1,1,0,0,0,1
54200875,56,19,7.6,1.93,11.5,68,0,2,0,2,1,1,0,0,0,1
54200981,222,151,0.0,26.75,197.0,26,0,2,0,4,0,0,0,1,0,1
54201032,92,26,3.8,2.57,14.0,43,2,1,0,6,0,0,0,1,0,1
54201032,79,28,3.8,2.65,13.5,43,2,1,0,6,0,0,0,1,0,1
54201091,158,79,25.8,10.2,71.0,39,2,2,0,4,1,1,0,0,1,0
54201194,57,27,6.1,1.75,9.2,46,0,0,0,0,0,1,0,0,1,0
54201220,28,11,2.2,1.03,5.5,59,0,1,1,2,0,0,0,1,0,1
54201221,346,179,30.3,25.79,179.0,61,0,1,1,2,1,1,0,0,1,0
54260008,50,16,2.8,1.53,11.0,61,-1,-1,-1,-1,1,0,0,1,1,0
54260008,25,6,2.2,0.69,5.0,61,-1,-1,-1,-1,1,0,0,1,1,0
54260043,128,4,2.8,0.6,2.3,70,0,1,0,2,2,0,0,1,0,1
54260044,100,31,11.2,3.35,22.0,73,0,1,0,2,1,1,0,0,0,1
54260060,142,72,10.6,6.22,46.0,65,0,1,0,0,0,1,0,0,1,0
54260075,151,29,40.8,2.68,17.0,47,2,2,0,4,0,0,0,1,0,1
54260076,156,70,14.6,10.13,72.0,19,2,2,0,4,0,0,0,1,0,1
54260117,71,20,5.6,2.11,9.0,73,0,1,0,2,1,1,0,0,0,1
54260118,300,118,14.6,13.34,92.0,73,0,1,0,2,1,1,0,0,0,1
54260136,91,34,3.8,3.48,18.0,68,0,2,0,1,1,1,0,0,0,1
54260137,185,19,38.4,1.95,11.8,74,0,1,4,2,1,1,0,0,0,1
54260155,296,118,31.8,20.41,150.3,64,0,4,0,0,1,1,0,0,0,1
54260175,220,83,42.8,10.32,65.0,37,1,2,-1,4,1,0,0,1,0,1
54260211,44,0,2.2,0.07,0.2,44,2,3,0,5,1,1,0,0,1,0
54260211,97,22,21.4,2.21,17.0,44,2,3,0,5,1,1,0,0,1,0
54260218,115,45,7.4,4.46,31.0,33,0,2,0,4,1,0,0,1,1,0
54260229,125,48,0.0,4.57,26.0,30,3,1,1,4,1,0,0,1,0,1
54260241,58,30,3.8,3.34,17.1,83,0,1,0,2,0,1,0,0,0,1
54260314,4,0,0.0,0.03,0.2,77,0,1,0,0,1,1,0,0,0,1
54260327,127,77,15.8,9.56,64.0,58,0,1,2,3,0,1,0,0,0,1
54260349,70,29,0.0,2.95,18.5,40,1,1,2,4,0,0,0,1,0,1
54260349,39,2,0.0,0.4,1.6,40,1,1,2,4,2,0,0,1,0,1
54260349,50,10,0.0,1.22,10.0,40,1,1,2,4,1,0,0,1,0,1
54260350,39,2,0.0,0.4,1.6,40,1,1,2,4,2,0,0,1,0,1
54260373,149,33,14.4,3.55,25.0,29,0,1,0,1,1,0,0,1,1,0
54260389,243,60,52.4,6.42,44.5,43,1,1,0,3,1,0,0,1,0,1
54260409,115,44,20.8,4.63,36.0,44,2,1,0,2,1,1,0,0,1,0
54260410,52,2,5.6,0.29,1.2,41,2,1,0,2,2,0,0,1,0,1
54260483,98,21,3.8,2.12,15.0,37,2,1,0,4,1,0,0,1,0,1
54260556,137,81,14.4,9.56,66.0,41,2,1,0,2,0,0,0,1,0,1
54260567,271,108,37.4,14.85,104.0,47,0,3,0,3,1,1,0,0,1,0
54260695,378,196,50.8,37.5,279.5,49,1,1,0,3,1,1,0,0,1,0
54260731,66,34,0.0,4.06,32.0,53,0,0,0,3,0,1,0,0,1,0
54260732,120,55,0.0,6.08,41.0,53,0,0,0,3,0,1,0,0,1,0
54260750,546,234,104.8,38.26,289.0,43,0,2,1,0,1,1,0,0,1,0
54260888,87,30,3.8,3.15,22.0,-1,0,2,0,3,1,1,0,0,0,1
54260925,133,48,16.8,4.96,38.0,38,2,2,0,3,1,0,0,1,0,1
54260956,34,16,2.2,1.6,9.0,45,1,1,1,4,0,0,0,1,0,1
54261011,121,58,20.0,6.62,52.0,38,1,2,0,3,1,1,0,0,1,0
54261040,51,16,3.8,1.81,14.0,54,0,2,0,2,1,1,0,0,1,0
54261110,36,13,2.2,1.35,8.5,71,0,1,0,0,0,0,0,1,0,1
54261111,78,34,14.8,4.07,31.0,64,0,1,0,0,1,1,0,0,1,0
54261139,93,30,7.6,3.04,19.0,-1,-1,-1,-1,-1,1,0,1,0,0,1
54261190,108,33,11.0,4.51,33.0,59,-1,2,1,2,1,1,0,0,1,0
54261326,205,104,28.1,19.39,146.0,43,2,1,0,5,0,0,0,1,0,1
54261327,59,26,3.8,2.75,20.0,43,2,1,0,5,0,0,0,1,0,1
54261364,19,12,2.2,1.26,8.0,54,1,2,2,6,0,1,0,0,1,0
54261364,63,13,2.8,1.29,9.0,54,1,2,2,6,1,1,0,0,1,0
54261408,170,69,13.1,8.91,60.0,52,0,1,0,3,1,1,0,0,1,0
54261409,99,28,3.8,2.62,16.4,20,0,1,0,3,0,0,0,1,0,1
54261430,90,48,14.6,7.54,56.0,38,1,2,0,3,1,1,0,0,1,0
54261438,62,41,7.9,4.89,33.0,61,0,1,0,2,0,0,0,1,0,1
54261458,57,11,3.8,1.07,7.5,73,0,1,0,1,1,1,0,0,0,1
54261491,14,4,2.2,0.19,1.1,59,0,1,1,2,1,1,0,0,0,1
54261491,16,3,2.2,0.37,1.6,59,0,1,1,2,1,1,0,0,0,1
54261491,40,11,5.6,1.22,8.0,59,0,1,1,2,1,1,0,0,0,1
54261512,32,13,3.8,1.28,7.5,62,0,2,1,4,1,0,0,1,1,0
54261518,74,40,7.9,4.59,34.0,70,0,2,0,2,1,1,0,0,0,1
54261519,74,40,7.9,4.59,34.0,70,0,2,0,2,1,0,0,1,0,1
54261566,34,14,2.8,0.26,2.4,51,0,1,1,1,1,0,0,1,0,1
54261566,31,2,2.8,0.26,1.6,51,0,1,1,1,1,0,0,1,0,1
54261626,254,129,27.0,19.22,135.5,57,0,1,0,2,0,0,0,1,0,1
54420085,11,12,2.2,1.18,5.5,33,1,1,0,2,1,0,0,1,0,1
54420120,28,21,0.0,2.14,13.5,68,0,1,0,2,1,1,0,0,0,1
54420120,54,24,0.0,2.64,12.0,68,0,1,0,2,0,1,0,0,0,1
54420163,36,11,2.2,1.12,5.5,71,0,3,0,3,0,1,0,0,0,1
54420441,87,20,5.1,2.45,16.5,59,0,1,0,3,1,1,0,0,1,0
54420563,51,29,6.8,4.07,27.0,59,0,1,0,0,0,0,0,1,0,1
54420577,28,12,2.2,1.16,6.0,52,0,1,0,2,1,0,0,1,1,0
54420578,27,4,2.2,0.39,2.0,62,0,1,0,-1,2,1,0,0,1,0
54420606,185,135,80.8,27.38,208.0,38,1,1,0,3,0,1,0,0,1,0
54420643,217,130,33.0,20.58,147.0,40,1,1,0,8,1,0,0,1,0,1
54420653,29,4,2.2,0.4,1.6,46,-1,1,-1,6,2,0,0,1,0,1
54420653,31,15,2.2,1.48,7.0,46,-1,1,-1,6,2,0,0,1,0,1
54420654,122,25,14.6,3.24,22.0,51,-1,1,-1,6,1,1,0,0,1,0
54420688,29,22,3.8,2.34,11.0,60,0,1,0,1,0,0,0,1,0,1
54420839,48,22,3.4,2.15,11.0,44,0,0,0,1,0,0,0,1,1,0
54420907,165,66,7.4,8.31,62.0,61,0,1,0,0,1,0,0,1,0,1
54420907,38,0,2.2,0.09,0.2,61,0,1,0,0,2,0,0,1,0,1
54420910,27,6,7.6,0.86,5.0,69,0,0,0,1,0,0,0,1,0,1
54420910,161,120,19.1,16.18,118.0,69,0,0,0,1,0,0,0,1,0,1
54420971,34,19,3.8,2.26,10.5,62,0,1,0,2,0,0,0,1,0,1
54420972,44,19,3.8,2.26,10.5,67,0,1,0,2,0,1,0,0,0,1
54421061,149,46,9.9,5.62,36.2,44,-1,2,-1,2,1,1,0,0,1,0
54421085,156,70,0.0,11.19,75.0,-1,0,2,0,4,0,0,1,0,0,1
54421128,21,11,2.2,1.15,5.0,78,0,1,0,0,0,0,0,1,0,1
54421128,54,30,6.8,4.08,28.0,78,0,1,0,0,0,0,0,1,0,1
54421151,20,3,2.2,0.29,1.4,42,-1,1,-1,1,1,1,0,0,1,0
54421151,69,20,6.2,2.89,21.0,42,-1,1,-1,1,1,1,0,0,1,0
54421192,115,63,0.0,8.87,62.0,61,0,1,0,3,0,1,0,0,1,0
54421257,21,11,0.0,1.1,5.0,66,0,1,0,2,0,1,0,0,0,1
54421279,67,61,0.0,8.37,57.0,33,0,0,0,2,0,1,0,0,0,1
54421279,81,52,0.0,7.42,50.0,33,0,0,0,2,0,1,0,0,0,1
54421282,107,61,0.0,8.44,57.0,32,0,0,0,2,0,0,0,1,0,1
54421338,190,57,36.4,8.78,65.0,-1,-1,-1,-1,-1,1,0,1,0,0,1
54421439,110,52,0.0,7.65,53.0,42,1,2,1,3,0,1,0,0,1,0
54421440,100,64,27.2,8.86,58.0,43,1,2,1,3,0,0,0,1,0,1
54421440,106,33,18.4,4.33,26.0,43,1,2,1,3,1,0,0,1,0,1
54429999,136,44,16.1,4.37,26.0,46,-1,2,-1,4,1,1,0,0,1,0
54440017,39,22,5.6,2.09,13.0,-1,1,1,0,2,0,0,0,1,0,1
54440058,83,12,2.8,1.23,9.0,53,0,1,1,5,2,0,0,1,0,1
54440058,134,55,16.8,9.76,73.0,53,0,1,1,5,1,0,0,1,0,1
54440108,75,38,5.6,3.75,22.0,63,0,1,0,1,0,0,0,1,0,1
54440122,147,36,5.6,3.7,26.4,63,0,2,0,1,1,1,0,0,1,0
54440123,40,14,7.6,1.49,9.0,64,0,2,0,1,1,0,0,1,0,1
54440142,91,20,3.8,2.12,14.0,73,0,1,0,2,1,1,0,0,0,1
54440148,81,28,11.4,3.01,20.5,76,0,1,0,1,1,1,0,0,0,1
54440188,131,46,7.4,5.09,37.0,46,0,4,1,2,1,0,0,1,1,0
54440238,40,14,7.6,1.43,9.0,80,0,1,0,0,1,1,0,0,0,1
54440239,40,14,7.6,1.43,9.0,81,0,1,0,0,1,0,0,1,0,1
54440295,184,58,12.8,5.95,39.5,67,0,1,0,1,1,0,0,1,0,1
54440341,90,34,9.5,11.89,21.5,62,0,2,0,4,1,0,0,1,0,1
54440366,42,14,3.8,1.49,9.0,45,2,2,1,4,1,0,0,1,0,1
54440366,28,1,2.8,0.2,0.4,45,2,2,1,4,2,0,0,1,0,1
54440426,90,42,9.3,4.03,24.0,41,1,1,1,3,0,1,0,0,1,0
54440438,53,14,4.0,1.55,8.0,28,0,0,0,0,0,0,0,1,0,1
54440439,184,88,19.6,14.39,93.0,28,0,0,0,0,0,0,0,1,0,1
54440474,138,36,5.6,3.58,24.0,39,2,2,2,5,1,1,0,0,1,0
54440474,142,42,9.4,4.3,29.5,39,2,2,2,5,1,1,0,0,1,0
54440475,199,42,9.4,4.27,30.0,39,2,2,2,5,1,1,0,0,1,0
54440509,141,30,11.2,3.15,22.0,48,1,2,1,4,1,1,0,0,1,0
54440541,80,29,0.0,5.83,32.0,56,0,2,0,3,0,0,0,1,0,1
54440582,23,7,2.2,0.75,4.5,72,0,2,0,2,1,1,0,0,0,1
54440592,218,69,18.0,8.15,54.0,56,0,2,0,4,1,1,0,0,1,0
54440704,71,29,14.4,3.32,23.0,39,0,1,0,1,1,0,0,1,1,0
54440796,144,54,23.6,6.28,41.0,37,2,2,1,4,1,1,0,0,1,0
54440872,114,39,20.0,3.96,26.0,48,0,1,0,2,1,1,0,0,1,0
54440891,96,31,22.8,3.97,28.0,60,0,2,0,1,1,1,0,0,1,0
54440949,61,21,12.2,2.29,15.0,44,2,1,0,4,1,1,0,0,0,1
54440982,40,14,2.2,1.35,9.0,37,0,2,2,0,1,0,0,1,1,0
54440983,40,14,2.2,1.35,9.0,37,0,2,2,0,1,0,0,1,1,0
54440987,171,81,40.0,10.5,57.5,50,2,1,0,4,0,1,0,0,1,0
54441060,94,40,29.0,3.93,24.0,56,0,1,0,0,1,0,0,1,0,1
54441126,91,14,3.8,1.42,11.0,45,1,2,1,3,1,0,0,1,0,1
54441126,38,14,3.8,1.46,10.0,45,1,2,1,3,1,0,0,1,0,1
54441132,78,19,7.6,1.92,11.0,31,0,1,0,1,1,1,0,0,1,0
54441132,115,19,9.4,1.92,11.0,31,0,1,0,1,1,1,0,0,1,0
54540006,95,24,0.0,2.69,12.0,25,0,2,0,3,0,1,0,0,0,1
54540006,107,8,0.0,0.77,5.5,25,0,2,0,3,1,1,0,0,0,1
54540010,161,57,12.2,7.04,48.8,64,0,2,0,2,1,0,0,1,0,1
54540021,444,151,34.1,20.64,147.0,-1,2,1,0,4,1,0,0,1,0,1
54540059,81,31,21.4,4.54,33.0,53,0,1,0,0,1,1,0,0,1,0
54540098,68,32,11.0,3.57,23.0,42,0,1,0,1,1,0,0,1,1,0
54540107,65,19,2.8,1.96,12.0,38,3,2,0,6,1,0,0,1,0,1
54540136,127,64,0.0,7.59,49.0,48,0,2,0,3,1,0,0,1,0,1
54540145,171,70,0.0,7.21,49.0,73,0,1,0,0,0,1,0,0,0,1
54540164,176,64,16.0,11.26,77.0,64,0,1,0,2,1,0,0,1,0,1
54540180,104,40,11.2,4.59,29.0,25,0,3,0,3,1,1,0,0,1,0
54540184,104,51,22.0,6.1,40.0,77,0,2,0,1,1,1,0,0,0,1
54540243,66,28,11.0,3.51,23.0,64,0,2,0,0,1,1,0,0,1,0
54540243,216,110,60.6,21.55,167.0,64,0,2,0,0,1,1,0,0,1,0
54540243,46,25,5.6,2.41,14.0,64,0,2,0,0,1,1,0,0,1,0
54540269,111,26,3.8,2.82,17.0,77,0,1,0,0,1,1,0,0,0,1
54540269,33,1,2.2,0.23,1.1,77,0,1,0,0,2,1,0,0,0,1
54540399,144,74,16.7,9.14,55.5,52,0,2,1,0,0,0,0,1,0,1
54540400,127,46,7.4,4.89,34.0,46,0,2,1,-1,1,1,0,0,1,0
54540400,159,61,7.25,8.58,53.0,46,0,2,1,-1,1,1,0,0,1,0
54540425,92,24,7.6,2.41,17.0,-1,-1,-1,-1,-1,1,0,1,0,0,1
54540426,43,10,7.6,1.23,7.0,47,0,2,0,4,1,0,0,1,0,1
54540426,126,42,17.0,4.26,29.5,47,0,2,0,4,1,0,0,1,0,1
54540451,237,78,52.6,13.0,83.0,52,-1,4,-1,2,1,1,0,0,1,0
54540452,90,25,14.4,2.55,14.0,52,0,4,0,2,1,0,0,1,0,1
54540581,25,11,2.2,1.16,7.5,56,0,2,0,2,1,0,0,1,0,1
54540632,120,64,22.0,9.0,65.0,31,2,1,0,2,1,1,0,0,1,0
54540661,75,26,7.6,2.62,17.0,-1,-1,-1,-1,-1,1,0,1,0,0,1
54540661,104,26,9.4,2.75,17.0,-1,-1,-1,-1,-1,1,0,1,0,0,1
54540662,33,10,3.8,1.13,7.0,55,0,1,0,1,1,0,0,1,1,0
54540663,72,40,5.6,3.87,24.0,26,0,1,1,1,0,1,0,0,1,0
54540713,59,16,3.8,1.66,9.5,44,2,1,0,7,1,0,0,1,0,1
54540713,68,15,3.8,1.75,8.9,44,2,1,0,7,1,0,0,1,0,1
54540714,114,0,2.2,0.13,0.3,47,2,1,0,7,2,1,0,0,1,0
54540811,90,24,4.7,2.35,13.0,36,0,2,1,4,1,0,0,1,1,0
54540811,97,24,5.6,2.35,13.0,36,0,2,1,4,1,0,0,1,1,0
54540811,47,4,2.2,0.49,2.0,36,0,2,1,4,2,0,0,1,1,0
54540853,164,60,26.0,8.2,58.0,55,1,2,1,3,1,1,0,0,1,0
54540858,105,38,5.6,3.75,23.0,66,0,2,0,2,1,1,0,0,0,1
54540888,77,21,13.8,2.18,14.0,65,0,2,0,1,1,1,0,0,0,1
54540918,37,6,2.2,0.56,3.2,50,2,1,0,5,2,1,0,0,0,1
54540918,47,16,3.8,1.39,9.0,50,2,1,0,5,2,1,0,0,0,1
54540951,70,81,7.6,14.12,106.0,73,-1,1,-1,1,1,0,0,1,0,1
54540955,50,18,5.6,1.91,12.0,59,0,1,0,-1,1,0,0,1,0,1
54540965,235,153,42.4,28.83,218.0,54,0,3,0,3,0,1,0,0,1,0
54540966,56,179,3.8,31.94,244.0,54,0,3,0,3,1,1,0,0,1,0
54540989,61,31,5.8,4.37,27.0,19,0,2,1,2,0,1,0,0,0,1
54541020,5,1,2.2,0.09,0.5,50,0,2,0,3,2,0,0,1,0,1
54541020,17,1,2.2,0.14,0.8,50,0,2,0,3,2,0,0,1,0,1
54541039,152,51,15.6,6.56,38.0,40,3,2,0,5,1,1,0,0,1,0
54541041,81,21,5.6,2.11,13.6,36,0,1,1,0,1,1,0,0,1,0
54541041,66,31,5.8,4.27,28.0,36,0,1,1,0,1,1,0,0,1,0
54544037,160,112,24.3,14.93,84.0,61,0,2,0,1,1,1,0,0,0,1
56080029,134,40,16.4,4.2,26.2,49,1,4,1,4,1,0,0,1,1,0
56080061,18,9,0.0,1.06,6.5,59,-1,1,-1,1,0,1,0,0,1,0
56080065,166,69,12.1,6.99,46.5,49,0,2,0,2,1,0,0,1,0,1
56080075,147,81,0.0,10.65,70.5,58,0,2,2,3,0,1,0,0,1,0
56080176,26,5,2.8,0.57,4.0,31,0,2,0,2,1,1,0,0,1,0
56080245,78,21,16.6,2.28,17.0,43,2,2,-1,4,1,0,0,1,0,1
56080246,129,39,11.2,4.18,27.0,48,2,2,-1,1,1,1,0,0,1,0
56080315,61,9,6.8,1.02,7.5,45,1,2,0,4,1,0,0,1,0,1
56080315,52,8,11.4,0.92,7.0,45,1,2,0,4,1,0,0,1,0,1
56080325,32,7,3.8,0.76,5.0,61,0,2,0,0,1,0,0,1,1,0
56080325,60,23,9.4,2.34,14.0,61,0,2,0,0,1,0,0,1,1,0
56080562,128,22,7.4,2.98,23.0,35,2,2,1,4,1,1,0,0,1,0
56080623,59,22,5.6,2.22,17.0,47,0,5,0,5,1,0,0,1,1,0
56080781,149,69,31.6,10.16,71.0,47,0,1,0,0,1,0,0,1,1,0
56080782,196,73,35.6,10.68,77.0,47,0,1,0,0,1,0,0,1,1,0
56080828,176,42,20.3,4.04,22.0,62,0,2,0,2,1,1,0,0,1,0
56080897,71,12,3.4,1.32,7.0,48,2,1,0,4,1,1,0,0,1,0
56080897,37,16,3.8,1.59,10.0,48,2,1,0,4,1,1,0,0,1,0
70130106,118,48,17.8,8.91,68.0,36,2,1,0,6,0,0,0,1,0,1
70130149,59,22,8.7,2.32,14.5,53,0,2,1,6,0,0,0,1,0,1
70130275,129,57,17.6,12.37,98.0,41,0,0,0,1,0,1,0,0,1,0
70130294,283,22,80.2,2.25,15.3,42,1,1,0,3,1,1,0,0,1,0
70130349,32,6,3.0,0.69,2.6,44,2,1,0,7,2,0,0,1,0,1
70130349,60,24,4.8,2.94,20.0,44,2,1,0,7,0,0,0,1,0,1
70130349,32,6,3.0,0.8,4.0,44,2,1,0,7,2,0,0,1,0,1
70130388,52,17,3.5,2.11,13.5,52,0,1,0,1,0,1,0,0,1,0
70130419,143,70,15.5,9.33,70.0,72,0,1,0,2,0,0,0,1,0,1
70130507,78,22,6.5,3.3,24.0,74,0,1,1,3,1,1,0,0,0,1
70130508,7,1,2.2,0.16,0.7,72,0,1,1,3,2,0,0,1,0,1
70130508,36,2,2.2,0.29,1.2,72,0,1,1,3,2,0,0,1,0,1
70130597,68,21,9.6,2.32,15.5,78,-1,1,-1,1,0,1,0,0,0,1
70130633,193,175,0.0,31.31,229.2,72,0,1,0,1,0,1,0,0,0,1
70130662,139,38,16.6,7.08,55.0,41,0,2,1,1,1,0,0,1,1,0
70130662,155,38,25.6,7.08,55.0,41,0,2,1,1,1,0,0,1,1,0
70130666,11,1,3.0,0.17,1.0,18,0,2,0,4,0,0,0,1,0,1
70130666,28,9,4.8,0.97,6.5,18,0,2,0,4,0,0,0,1,0,1
70130723,59,14,3.9,1.81,9.9,55,0,1,0,2,1,1,0,0,1,0
70130766,284,180,0.0,33.0,244.0,31,1,0,0,1,0,0,0,1,1,0
70130777,25,2,2.2,0.32,1.6,39,1,1,0,6,2,0,0,1,0,1
70130777,85,24,4.8,3.53,24.0,39,1,1,0,6,1,0,0,1,0,1
70130778,20,6,2.2,0.69,2.6,45,2,1,0,6,1,1,0,0,1,0
70130778,20,6,2.2,0.69,2.6,45,2,1,0,6,2,1,0,0,1,0
70130778,53,14,4.8,2.49,19.0,45,2,1,0,6,1,1,0,0,1,0
70130787,12,1,2.2,0.17,0.9,61,0,1,0,3,1,1,0,0,1,0
70130792,30,2,3.0,0.34,1.6,66,0,1,0,2,2,1,0,0,0,1
70130805,32,13,2.4,1.32,8.0,58,0,1,1,6,0,0,0,1,0,1
70130807,16,3,2.2,0.42,1.6,40,0,2,2,6,2,1,0,0,1,0
70130807,12,2,2.2,0.49,1.2,40,0,2,2,6,1,1,0,0,1,0
70130807,20,2,2.2,0.49,1.2,40,0,2,2,6,2,1,0,0,1,0
70130808,186,78,35.6,13.51,100.7,34,0,2,1,6,1,0,0,1,0,1
70130835,71,19,4.8,2.55,17.7,33,1,2,0,2,1,1,0,0,1,0
70130867,25,2,0.0,0.36,1.6,20,0,2,0,4,0,1,0,0,0,1
70130867,124,62,0.0,12.44,92.0,20,0,2,0,4,0,1,0,0,0,1
70130868,68,35,18.0,3.85,27.0,18,0,2,0,4,0,0,0,1,0,1
70130905,96,22,11.8,3.7,23.0,44,2,1,0,1,1,1,0,0,1,0
70130905,90,22,11.8,3.7,23.0,44,2,1,0,1,1,1,0,0,1,0
70130948,148,50,28.2,7.18,50.7,-1,-1,-1,-1,-1,0,0,1,0,0,1
70130951,39,14,7.0,1.58,10.0,68,0,1,1,4,1,1,0,0,0,1
70130952,83,38,25.8,4.16,29.0,68,0,1,1,4,1,1,0,0,0,1
70131013,451,57,16.9,12.09,92.0,35,1,2,0,5,1,1,0,0,1,0
70131063,27,11,0.0,1.13,7.5,59,0,1,0,3,0,1,0,0,1,0
70131064,48,22,0.0,2.24,14.0,59,0,1,0,3,0,1,0,0,1,0
70140005,156,72,0.0,14.99,114.0,35,0,0,0,4,0,1,0,0,0,1
70140006,36,14,9.0,1.96,14.0,67,0,2,0,0,1,0,0,1,0,1
70140010,43,16,0.0,1.96,14.0,61,0,1,0,1,0,0,0,1,0,1
70140027,76,23,8.8,3.97,31.0,41,2,1,0,5,1,0,0,1,0,1
70140027,67,22,9.4,2.38,17.0,41,2,1,0,5,1,0,0,1,0,1
70140059,96,32,9.6,4.34,30.0,59,0,2,0,2,1,1,0,0,1,0
70140060,50,18,4.8,1.89,13.0,59,0,2,0,2,1,1,0,0,1,0
70140078,65,30,0.0,3.21,22.0,47,1,2,0,7,0,0,0,1,0,1
70140136,64,28,10.8,3.91,28.0,19,1,2,0,5,0,0,0,1,0,1
70140190,36,10,6.4,1.07,7.5,47,2,1,0,4,0,1,0,0,1,0
70140248,44,18,10.8,2.34,15.0,66,0,2,0,0,0,1,0,0,0,1
70140357,364,255,66.9,52.1,396.0,54,0,1,0,0,0,0,0,1,0,1
70640218,62,24,2.4,2.52,12.0,61,0,1,0,0,0,0,0,1,0,1
70740007,107,124,27.6,14.44,108.0,48,0,1,0,6,0,0,0,1,0,1
70740029,42,13,3.4,1.5,9.0,76,0,2,0,0,1,1,0,0,0,1
70740079,30,16,6.2,1.72,9.5,31,0,1,0,2,1,0,0,1,1,0
70740127,4,2,2.2,0.37,1.4,39,3,1,0,2,1,0,0,1,0,1
70740128,115,30,7.0,3.24,17.3,39,3,1,0,2,1,0,0,1,0,1
70740134,75,22,9.6,2.87,14.5,39,2,1,0,3,1,0,0,1,0,1
70740135,179,56,22.8,8.05,54.5,39,2,1,0,4,1,0,0,1,0,1
70740171,92,24,0.0,2.54,13.0,52,0,2,0,4,1,0,0,1,0,1
70740172,54,29,5.2,2.65,14.0,54,0,2,0,7,0,1,0,0,1,0
70740182,116,40,10.4,5.88,38.0,46,0,2,0,2,1,1,0,0,0,1
70740258,17,11,6.2,0.97,6.0,-1,-1,-1,-1,-1,1,0,1,0,0,1
90300005,57,11,2.2,1.2,7.5,55,0,1,0,1,2,1,0,0,1,0
90300068,78,22,3.0,2.74,17.5,69,0,1,0,1,0,0,0,1,0,1
90300075,108,24,82.0,3.32,22.0,48,-1,2,-1,3,1,0,0,1,1,0
90300075,124,24,82.0,3.44,23.0,48,-1,2,-1,3,1,0,0,1,1,0
90300088,96,31,11.2,3.37,22.0,22,0,3,0,4,1,0,0,1,1,0
90300114,111,27,4.2,4.54,35.0,54,0,2,1,4,1,1,0,0,1,0
90300114,85,19,36.0,1.93,12.0,54,0,2,1,4,1,1,0,0,1,0
90300122,53,7,7.2,0.76,5.0,39,1,1,-1,4,1,0,0,1,0,1
90300158,101,27,82.0,2.98,17.0,74,0,2,0,2,1,0,0,1,0,1
90300284,157,36,11.4,5.45,38.0,53,-1,1,-1,2,1,1,0,0,1,0
90300309,91,20,3.0,3.02,18.5,35,0,1,0,3,0,1,0,0,1,0
90300336,68,8,86.0,1.49,4.8,40,0,0,0,1,2,1,0,0,1,0
90300336,84,16,23.0,1.72,11.5,40,0,0,0,1,1,1,0,0,1,0
90300346,69,23,3.0,2.97,17.0,51,0,1,1,5,1,1,0,0,1,0
90300354,17,2,2.2,0.76,1.0,-1,-1,-1,-1,-1,2,0,1,0,0,1
90300354,30,2,4.4,0.37,1.8,-1,-1,-1,-1,-1,2,0,1,0,0,1
90300375,58,19,2.2,2.18,12.0,48,0,2,0,4,0,1,0,0,1,0
90300385,562,338,85.5,67.65,519.0,23,0,2,1,2,1,0,0,1,1,0
90300496,61,24,86.0,2.61,10.0,39,2,1,1,4,1,0,0,1,0,1
90300496,97,32,46.0,3.31,17.0,39,2,1,1,4,1,0,0,1,0,1
90300555,33,13,3.2,1.5,9.0,56,0,1,0,2,0,1,0,0,1,0
90300557,58,18,3.0,2.35,15.0,80,0,1,0,0,0,1,0,0,0,1
90300557,150,28,6.3,2.81,19.0,80,0,1,0,0,1,1,0,0,0,1
90300602,21,3,21.5,0.36,1.7,-1,0,1,0,1,1,0,0,1,0,1
90300602,57,12,2.2,1.71,11.0,-1,0,1,0,1,1,0,0,1,0,1
90300745,69,15,6.0,1.55,8.5,-1,-1,-1,-1,-1,0,0,1,0,0,1
90300795,97,43,12.8,5.12,33.0,-1,0,3,1,5,1,0,1,0,0,1
90300795,365,170,91.2,33.23,254.5,-1,0,3,1,5,1,0,1,0,0,1
90300837,88,19,2.2,2.08,12.0,57,0,2,0,2,1,0,0,1,1,0
90300838,207,45,8.5,7.87,55.6,58,0,2,0,2,1,1,0,0,1,0
90300909,19,4,4.4,0.46,2.0,41,0,2,0,2,2,0,0,1,1,0
90300909,130,35,10.6,5.26,39.0,41,0,2,0,2,1,0,0,1,1,0
90300943,68,19,3.0,1.89,9.0,-1,0,1,0,0,1,0,1,0,0,1
90300953,84,23,4.5,2.74,14.9,59,0,1,0,2,0,0,0,1,0,1
90300953,32,3,3.0,0.4,1.2,59,0,1,0,2,2,0,0,1,0,1
90300998,42,10,3.0,1.52,9.5,-1,-1,-1,-1,-1,1,0,1,0,0,1
90301009,12,6,2.2,0.66,4.5,60,0,2,1,4,1,1,0,0,1,0
90301010,423,196,57.5,38.53,297.5,60,0,2,1,4,1,1,0,0,1,0
90301034,65,22,3.0,2.81,17.0,66,-1,1,-1,1,0,1,0,0,0,1
90301035,33,5,2.2,0.57,2.9,66,0,1,0,1,1,1,0,0,0,1
90301035,92,25,2.2,3.02,17.5,66,0,1,0,1,1,1,0,0,0,1
90301060,25,17,2.2,1.69,10.0,67,0,1,0,0,1,0,0,1,0,1
90301084,115,48,6.4,5.67,35.0,67,0,2,0,2,0,1,0,0,0,1
90301094,21,8,2.2,0.8,4.0,77,-1,1,-1,1,1,1,0,0,0,1
90301094,29,10,2.2,1.05,6.5,77,-1,1,-1,1,1,1,0,0,0,1
90301145,75,19,6.0,2.38,13.8,-1,-1,-1,-1,-1,0,0,1,0,0,1
90302015,32,12,3.0,1.36,9.0,20,0,1,0,2,0,0,0,1,0,1
90302017,20,7,3.0,0.7,4.0,19,0,1,0,2,0,1,0,0,0,1
90302018,17,3,3.0,0.34,2.5,42,0,1,0,2,0,0,0,1,1,0
90320350,264,161,0.0,29.69,221.5,67,0,2,1,2,0,1,0,0,0,1
90320365,27,15,0.0,1.26,6.5,81,-1,1,-1,-1,0,1,0,0,0,1
90320388,107,45,6.4,6.29,45.0,34,3,2,0,2,1,1,0,0,1,0
90320388,17,2,2.2,0.23,1.2,34,3,2,0,2,1,1,0,0,1,0
90320388,15,2,2.2,0.23,1.2,34,3,2,0,2,1,1,0,0,1,0
90320388,123,45,6.4,6.29,45.0,34,3,2,0,2,1,1,0,0,1,0
90320450,45,10,2.2,0.99,5.0,56,-1,1,-1,1,1,1,0,0,0,1
90320450,64,99,2.2,19.17,141.0,56,-1,1,-1,1,1,1,0,0,0,1
90320583,98,35,14.0,3.67,24.0,-1,-1,-1,-1,-1,1,0,1,0,0,1
90320623,55,24,2.2,2.71,17.0,47,1,1,0,2,0,0,0,1,0,1
90320643,54,26,3.0,2.58,12.5,57,0,1,0,1,0,0,0,1,0,1
90320660,99,32,61.8,4.03,24.4,65,0,3,0,0,1,1,0,0,0,1
90320676,198,90,0.0,16.06,119.0,22,0,1,0,4,0,1,0,0,0,1
90320677,55,25,0.0,2.49,12.0,59,0,1,0,4,0,1,0,0,1,0
90320680,52,28,3.0,2.41,12.0,67,0,1,0,1,0,0,0,1,0,1
90320680,56,18,3.0,1.81,10.5,67,0,1,0,1,0,0,0,1,0,1
90320689,53,25,3.0,2.51,14.0,42,3,1,0,5,0,0,0,1,0,1
90320693,57,25,3.0,2.45,12.5,55,0,2,0,3,0,1,0,0,1,0
90320693,54,25,3.0,2.45,12.5,55,0,2,0,3,0,1,0,0,1,0
90320700,28,16,0.0,1.68,9.5,42,1,1,0,1,0,0,0,1,0,1
90320713,190,48,12.8,6.26,46.0,31,0,1,0,1,1,0,0,1,1,0
90320770,55,25,3.0,2.25,12.0,19,1,1,0,3,0,0,0,1,0,1
90320828,50,27,3.0,2.58,13.0,73,0,0,0,0,0,0,0,1,0,1
90320844,25,15,2.2,1.26,6.5,74,0,2,0,6,0,0,0,1,0,1
90320850,54,24,0.0,2.38,11.5,67,0,1,0,1,2,1,0,0,0,1
90321032,73,31,2.2,4.77,34.0,71,-1,1,-1,-1,0,1,0,0,0,1
90321063,50,24,3.0,2.42,12.0,46,0,1,1,0,0,1,0,0,1,0
90321110,337,260,68.4,53.04,408.0,58,0,1,0,4,0,1,0,0,1,0
90321111,57,10,3.0,1.0,5.3,58,0,1,0,4,1,0,0,1,0,1
90321290,96,33,9.0,3.67,22.5,35,-1,1,2,1,1,1,0,0,1,0
90321290,204,15,66.6,1.72,9.5,35,-1,1,2,1,1,1,0,0,1,0
90321322,57,28,3.0,2.72,13.0,50,1,1,0,4,0,1,0,0,0,1
90321322,90,28,3.0,2.89,14.0,50,1,1,0,4,1,1,0,0,0,1
90321326,78,30,4.1,3.11,14.1,45,2,0,0,3,0,0,0,1,0,1
92460049,37,20,4.2,2.24,15.0,19,0,1,2,4,0,0,0,1,0,1
92460083,258,17,7.2,2.02,12.0,40,3,1,0,9,1,0,0,1,0,1
92460119,113,33,10.4,3.4,25.0,46,2,1,2,6,1,0,0,1,0,1
92460119,48,15,8.4,2.11,16.0,46,2,1,2,6,1,0,0,1,0,1
92460121,179,61,31.0,47.23,62.5,48,2,6,2,6,1,1,0,0,1,0
92460123,101,32,5.3,5.04,39.0,43,3,1,0,6,0,1,0,0,1,0
92460172,92,24,4.2,2.57,16.5,58,0,1,0,2,1,0,0,1,0,1
92460172,0,0,2.2,0.11,0.4,58,0,1,0,2,2,0,0,1,0,1
92460172,57,15,3.6,1.59,9.1,58,0,1,0,2,1,0,0,1,0,1
92460177,27,12,6.0,1.43,10.0,-1,2,1,0,5,0,0,0,1,0,1
92460263,30,9,4.2,1.0,6.0,36,2,2,3,6,1,0,0,1,0,1
92460282,148,48,6.4,7.42,51.0,46,0,2,0,2,1,1,0,0,1,0
92460391,53,20,8.4,2.03,14.0,44,1,1,3,4,1,0,0,1,0,1
92460392,67,30,15.4,3.05,18.5,44,1,1,3,4,1,0,0,1,0,1
92460392,62,20,8.4,2.03,14.0,44,1,1,3,4,1,0,0,1,0,1
92460438,150,24,4.2,2.57,15.5,43,0,2,0,4,1,0,0,1,1,0
92460449,112,27,5.3,4.69,36.0,67,2,1,1,5,1,1,0,0,1,0
92460449,121,27,5.3,4.69,36.0,67,2,1,1,5,1,1,0,0,1,0
92460601,19,3,3.0,0.79,2.8,31,1,2,0,2,1,0,0,1,0,1
92460602,22,3,3.0,0.85,2.3,32,1,2,0,3,1,1,0,0,1,0
92460612,224,54,33.6,8.05,58.0,43,4,3,4,12,1,1,0,0,1,0
92460615,228,70,0.0,7.27,52.0,18,1,2,1,7,0,0,0,1,0,1
92460616,149,28,0.0,2.79,20.0,17,1,2,1,7,0,1,0,0,0,1
92460717,86,16,2.2,1.72,12.0,75,0,1,0,2,1,1,0,0,0,1
92460779,65,18,8.4,1.89,13.0,56,0,1,0,2,0,0,0,1,0,1
95240129,275,71,18.3,9.1,58.0,62,0,1,0,2,1,0,0,1,0,1
95240137,35,7,0.0,1.06,5.5,47,0,3,2,3,1,0,0,1,0,1
95240219,194,97,0.0,16.85,127.0,55,0,2,0,2,0,1,0,0,1,0
95240220,194,109,0.0,17.71,130.0,55,0,2,0,2,0,1,0,0,1,0
95240253,45,6,4.2,0.62,4.5,62,0,1,0,1,1,0,0,1,1,0
95240283,88,30,0.0,2.92,20.0,49,0,1,2,4,0,1,0,0,1,0
95240294,315,138,21.8,16.28,112.0,30,2,1,0,3,1,0,0,1,0,1
95240328,304,233,68.8,47.42,367.0,66,-1,1,1,2,0,1,0,0,0,1
95240344,72,16,6.0,1.75,12.0,27,1,1,0,2,1,1,0,0,1,0
95240344,138,69,25.2,6.95,52.0,27,1,1,0,2,1,1,0,0,1,0
95240420,114,44,8.4,7.31,53.0,40,3,1,0,4,0,0,0,1,0,1
95240420,287,198,55.1,40.02,311.0,40,3,1,0,4,0,0,0,1,0,1
95240424,137,40,11.4,5.88,43.0,27,0,1,0,3,0,1,0,0,1,0
95240431,33,2,6.0,0.4,2.0,53,0,1,0,1,1,0,0,1,0,1
95240431,170,24,19.8,2.55,17.0,53,0,1,0,1,1,0,0,1,0,1
95240431,53,19,4.2,2.26,16.0,53,0,1,0,1,1,0,0,1,0,1
95240439,189,50,7.9,5.83,40.0,32,0,3,1,3,1,1,0,0,1,0
95240444,225,78,16.8,8.33,56.0,33,4,2,0,6,1,1,0,0,1,0
95240444,122,42,16.4,7.85,60.0,33,4,2,0,6,1,1,0,0,1,0
95240554,184,60,12.0,9.49,67.0,40,1,2,0,3,1,0,0,1,0,1
95240585,354,119,26.1,27.0,204.0,73,0,1,0,0,0,1,0,0,0,1
95240597,44,12,2.2,1.62,12.0,70,0,1,0,2,1,0,1,0,0,1
95240643,120,29,6.2,4.77,36.0,66,0,1,0,1,1,0,0,1,0,1
95240671,87,14,7.2,1.6,11.0,27,0,1,0,2,1,0,0,1,1,0
95240671,191,34,14.8,4.84,36.5,27,0,1,0,2,1,0,0,1,1,0
95240679,113,58,7.2,7.11,55.0,42,1,2,0,2,1,1,0,0,1,0
95240945,40,8,3.0,0.92,6.0,50,0,1,0,3,1,1,0,0,0,1
95240987,50,20,4.9,2.39,13.5,56,-1,0,0,1,0,0,0,1,1,0
95240988,55,14,9.8,1.95,10.0,-1,-1,-1,-1,-1,0,0,1,0,0,1
95241061,745,388,92.4,62.08,479.0,71,0,1,0,2,0,1,0,0,0,1
95241099,55,19,8.4,2.02,12.5,17,2,2,0,5,0,0,0,1,0,1
95241108,231,78,29.2,13.53,102.0,76,0,1,0,1,1,1,0,0,0,1
96040108,115,16,8.4,1.76,11.5,42,0,2,0,2,1,0,0,1,0,1
96040136,142,9,4.2,1.13,7.0,67,0,2,0,1,1,0,0,1,0,1
96040213,50,20,8.4,2.09,14.0,60,0,2,0,1,1,1,0,0,1,0
96040311,156,28,12.8,3.17,24.0,80,0,1,0,1,1,0,0,1,0,1
96040369,9,2,2.2,0.2,0.9,54,1,2,1,2,1,1,0,0,1,0
96040370,117,37,12.7,4.27,30.5,52,1,2,1,2,0,0,0,1,0,1
96040427,219,70,37.4,7.42,52.0,49,0,2,0,2,1,0,0,1,1,0
96040433,84,17,6.0,1.86,12.5,37,0,2,0,2,1,0,0,1,1,0
96040493,207,58,12.4,7.71,58.0,49,0,1,4,0,1,1,0,0,1,0
96040495,106,23,12.6,3.97,32.0,-1,-1,-1,-1,-1,1,0,1,0,0,1
96040531,148,40,10.4,5.62,42.0,37,2,1,1,4,1,0,0,1,0,1
